account_id,account_number,account_type,social_code,broker_id,firm_id,office_id,rep_id,platform_code,nscc_or_direct,preferred_fund_id,preferred_share_class,drip_election,existing_balance_shares,existing_balance_nav
ACCT00001,00094744854,INDIVIDUAL,701,CETA,0000CET001,28289,2679,CETA,NSCC,AMCECF,W,N,13823.963,149990.0
ACCT00002,00091499914,TRUST,705,VSR,0000VSR001,22280,4582,VSRF,NSCC,AMCECF,I,Y,21153.8988,229519.8
ACCT00003,00098038374,TRUST,705,CAIS,0000CAI001,38893,8359,CAIS,DIRECT,AMCECF,I,N,10021.9988,108738.69
ACCT00004,00096708456,PENSION,798,RJ,0000RAJ001,46421,3547,RJFS,NSCC,AMCECF,A,Y,34937.1558,379068.14
ACCT00005,00097022674,IRA,703,OSAIC,0000OSA001,55082,5333,OSAI,NSCC,AMCECF,A,Y,19058.3723,206783.34
ACCT00006,00095918715,ROTH_IRA,704,VSR,0000VSR001,92397,6925,VSRF,NSCC,AMCECF,I,N,4032.1299,43748.61
ACCT00007,00095855124,CORPORATE,798,UBS,0000UBS001,20458,4814,UBSW,NSCC,AMCECF,A,Y,33097.0396,359102.88
ACCT00008,00093728882,IRA,703,SCHW,0000SCH001,58520,6820,SCHW,NSCC,AMCMSA,W,Y,41722.1103,486897.03
ACCT00009,00099961380,IRA,703,CETA,0000CET001,42087,3677,CETA,NSCC,AMCECF,I,Y,31785.4166,344871.77
ACCT00010,00091938483,IRA,703,SCHW,0000SCH001,40021,1525,SCHW,NSCC,AMCRAI,W,Y,16281.7084,202218.82
ACCT00011,00096279418,IRA,703,SCHW,0000SCH001,37869,9179,SCHW,NSCC,AMCECF,A,Y,45665.4926,495470.59
ACCT00012,00095137722,CORPORATE,798,CNTS,0000CNT001,83579,9830,CNTS,NSCC,AMCMSA,A,Y,13317.5203,155415.46
ACCT00013,00094679591,TRUST,705,VSR,0000VSR001,28131,9348,VSRF,NSCC,AMCMSA,I,Y,20030.0852,233751.09
ACCT00014,00093684052,PENSION,798,MER,0000MER001,99192,7916,MLCO,NSCC,AMCECF,A,N,7726.7818,83835.58
ACCT00015,00099877065,ROTH_IRA,704,MER,0000MER001,42953,1188,MLCO,NSCC,AMCMSA,I,N,49806.4569,581241.35
ACCT00016,00095924115,INDIVIDUAL,701,VSR,0000VSR001,66985,3591,VSRF,NSCC,AMCPCI,W,Y,17074.7561,174674.75
ACCT00017,00099517485,CORPORATE,798,LPL,0000LPL001,23947,5889,LPLF,NSCC,AMCPCI,I,N,38121.9137,389987.18
ACCT00018,00093710343,TRUST,705,CAIS,0000CAI001,80697,9689,CAIS,DIRECT,AMCRAI,A,Y,18758.3012,232978.1
ACCT00019,00097089806,IRA,703,NPC,0000NPC001,50306,4923,NATL,NSCC,AMCMSA,A,Y,5682.1995,66311.27
ACCT00020,00092161193,TRUST,705,UBS,0000UBS001,79822,3060,UBSW,NSCC,AMCECF,A,Y,36622.189,397350.75
ACCT00021,00098099076,ROTH_IRA,704,CETA,0000CET001,37760,9835,CETA,NSCC,AMCRAI,A,N,26430.922,328272.05
ACCT00022,00097264956,JOINT,702,VSR,0000VSR001,67422,9479,VSRF,NSCC,AMCPCI,I,Y,49757.9529,509023.86
ACCT00023,00094860684,JOINT,702,MER,0000MER001,87128,4608,MLCO,NSCC,AMCRAI,A,Y,16970.4696,210773.23
ACCT00024,00091527021,CORPORATE,798,MER,0000MER001,53309,2160,MLCO,NSCC,AMCECF,A,N,3463.2764,37576.55
ACCT00025,00098930103,IRA,703,UBS,0000UBS001,41850,8749,UBSW,NSCC,AMCMSA,A,Y,27007.7732,315180.71
ACCT00026,00098106470,INDIVIDUAL,701,UBS,0000UBS001,63883,8651,UBSW,NSCC,AMCECF,W,N,21609.454,234462.58
ACCT00027,00096692553,CORPORATE,798,LPL,0000LPL001,24322,5073,LPLF,NSCC,AMCECF,A,Y,20190.802,219070.2
ACCT00028,00095673212,TRUST,705,UBS,0000UBS001,70637,5092,UBSW,NSCC,AMCMSA,A,Y,21151.8938,246842.6
ACCT00029,00091247595,PENSION,798,ICAP,0000ICA001,22224,4872,ICAP,DIRECT,AMCECF,A,Y,32642.0302,354166.03
ACCT00030,00091983738,ROTH_IRA,704,SCHW,0000SCH001,31579,7209,SCHW,NSCC,AMCMSA,A,Y,43246.0547,504681.46
ACCT00031,00099164991,IRA,703,SCHW,0000SCH001,30289,4111,SCHW,NSCC,AMCMSA,A,Y,21208.0736,247498.22
ACCT00032,00091841248,INDIVIDUAL,701,UBS,0000UBS001,86569,8811,UBSW,NSCC,AMCECF,W,N,15748.88,170875.35
ACCT00033,00092344047,PENSION,798,CNTS,0000CNT001,34356,2122,CNTS,NSCC,AMCRAI,A,N,48042.8673,596692.41
ACCT00034,00095130808,CORPORATE,798,MER,0000MER001,85880,1651,MLCO,NSCC,AMCRAI,I,N,6082.342,75542.69
ACCT00035,00096271130,ROTH_IRA,704,MER,0000MER001,41285,5351,MLCO,NSCC,AMCPCI,A,Y,10292.5341,105292.62
ACCT00036,00092217071,CORPORATE,798,MS,0000MOR001,11220,8508,MSSB,NSCC,AMCPCI,I,N,15877.2421,162424.19
ACCT00037,00095449324,INDIVIDUAL,701,NPC,0000NPC001,27361,6718,NATL,NSCC,AMCECF,I,Y,10736.4002,116489.94
ACCT00038,00096075395,JOINT,702,CNTS,0000CNT001,90173,9666,CNTS,NSCC,AMCPCI,A,Y,7971.5669,81549.13
ACCT00039,00093253031,PENSION,798,CETA,0000CET001,44664,2891,CETA,NSCC,AMCPCI,W,Y,5268.9664,53901.53
ACCT00040,00094533779,TRUST,705,VSR,0000VSR001,54942,4335,VSRF,NSCC,AMCRAI,A,N,14159.6379,175862.7
ACCT00041,00091852264,PENSION,798,CETA,0000CET001,22097,7939,CETA,NSCC,AMCPCI,I,Y,24477.7394,250407.27
ACCT00042,00095394880,INDIVIDUAL,701,LPL,0000LPL001,31178,8239,LPLF,NSCC,AMCPCI,A,N,31891.9575,326254.73
ACCT00043,00093500715,ROTH_IRA,704,VSR,0000VSR001,81511,1590,VSRF,NSCC,AMCECF,A,Y,3854.6686,41823.15
ACCT00044,00096171716,TRUST,705,NPC,0000NPC001,57795,1653,NATL,NSCC,AMCRAI,I,Y,6459.5314,80227.38
ACCT00045,00097817881,CORPORATE,798,UBS,0000UBS001,91351,3532,UBSW,NSCC,AMCRAI,W,Y,5229.4017,64949.17
ACCT00046,00096573147,JOINT,702,SII,0000SII001,63964,5065,SIII,NSCC,AMCRAI,I,Y,1336.8395,16603.55
ACCT00047,00098896868,PENSION,798,MS,0000MOR001,39154,4269,MSSB,NSCC,AMCECF,I,Y,43621.1225,473289.18
ACCT00048,00094240180,IRA,703,FIDO,0000FID001,62227,6378,FMCO,NSCC,AMCRAI,A,Y,1280.8553,15908.22
ACCT00049,00097705490,INDIVIDUAL,701,SII,0000SII001,99065,9785,SIII,NSCC,AMCPCI,A,Y,32109.9388,328484.67
ACCT00050,00095453786,INDIVIDUAL,701,LPL,0000LPL001,15014,2776,LPLF,NSCC,AMCPCI,A,N,29071.4277,297400.71
ACCT00051,00099580255,IRA,703,SCHW,0000SCH001,25157,7311,SCHW,NSCC,AMCPCI,I,N,30349.8218,310478.68
ACCT00052,00099722815,IRA,703,UBS,0000UBS001,80575,4228,UBSW,NSCC,AMCECF,W,Y,21859.27,237173.08
ACCT00053,00093090865,INDIVIDUAL,701,SCHW,0000SCH001,49363,9308,SCHW,NSCC,AMCPCI,I,Y,15764.3907,161269.72
ACCT00054,00093135534,ROTH_IRA,704,CETA,0000CET001,35144,7888,CETA,NSCC,AMCPCI,I,N,34890.6999,356931.86
ACCT00055,00097812810,CORPORATE,798,SCHW,0000SCH001,81819,1006,SCHW,NSCC,AMCRAI,I,Y,28498.3522,353949.53
ACCT00056,00096406444,JOINT,702,RJ,0000RAJ001,70946,8238,RJFS,NSCC,AMCMSA,I,Y,30372.4124,354446.05
ACCT00057,00092422633,JOINT,702,CETA,0000CET001,47196,9445,CETA,NSCC,AMCMSA,W,N,8567.6007,99983.9
ACCT00058,00094940441,TRUST,705,CETA,0000CET001,98184,6085,CETA,NSCC,AMCPCI,A,Y,40939.3309,418809.36
ACCT00059,00098971465,JOINT,702,OSAIC,0000OSA001,90120,2193,OSAI,NSCC,AMCRAI,A,Y,2406.0645,29883.32
ACCT00060,00099294272,CORPORATE,798,SCHW,0000SCH001,62383,4997,SCHW,NSCC,AMCRAI,W,Y,34848.0771,432813.12
ACCT00061,00094671545,CORPORATE,798,CETA,0000CET001,33053,9486,CETA,NSCC,AMCECF,A,Y,38943.1783,422533.48
ACCT00062,00098795419,TRUST,705,LPL,0000LPL001,97500,9702,LPLF,NSCC,AMCRAI,A,N,22877.4451,284137.87
ACCT00063,00099468772,IRA,703,NPC,0000NPC001,65933,9976,NATL,NSCC,AMCMSA,I,Y,40768.8247,475772.18
ACCT00064,00095147994,JOINT,702,CNTS,0000CNT001,93579,5543,CNTS,NSCC,AMCMSA,I,N,13033.6583,152102.79
ACCT00065,00095793722,CORPORATE,798,ICAP,0000ICA001,40735,5451,ICAP,DIRECT,AMCRAI,A,Y,22049.6424,273856.56
ACCT00066,00097426265,TRUST,705,FIDO,0000FID001,30028,4505,FMCO,NSCC,AMCECF,A,Y,7626.4498,82746.98
ACCT00067,00092044645,ROTH_IRA,704,SCHW,0000SCH001,37110,7883,SCHW,NSCC,AMCPCI,I,Y,23349.6227,238866.64
ACCT00068,00091098919,PENSION,798,CNTS,0000CNT001,56105,5892,CNTS,NSCC,AMCECF,I,Y,19081.0133,207028.99
ACCT00069,00094700025,PENSION,798,SII,0000SII001,73993,4595,SIII,NSCC,AMCMSA,I,Y,37401.0319,436470.04
ACCT00070,00097783308,ROTH_IRA,704,SCHW,0000SCH001,31632,8657,SCHW,NSCC,AMCECF,I,Y,16872.8642,183070.58
ACCT00071,00091454696,TRUST,705,NPC,0000NPC001,21003,8022,NATL,NSCC,AMCECF,I,Y,29635.4495,321544.63
ACCT00072,00096492066,ROTH_IRA,704,SII,0000SII001,37742,8449,SIII,NSCC,AMCRAI,A,Y,13081.8001,162475.96
ACCT00073,00098072684,PENSION,798,FIDO,0000FID001,43065,2341,FMCO,NSCC,AMCMSA,A,Y,37625.2902,439087.14
ACCT00074,00092151225,CORPORATE,798,LPL,0000LPL001,95426,1659,LPLF,NSCC,AMCECF,A,Y,11288.6861,122482.24
ACCT00075,00093117636,JOINT,702,UBS,0000UBS001,72070,2874,UBSW,NSCC,AMCECF,I,N,7703.8791,83587.09
ACCT00076,00092921542,ROTH_IRA,704,UBS,0000UBS001,31465,6096,UBSW,NSCC,AMCPCI,A,Y,8472.6783,86675.5
ACCT00077,00097296605,INDIVIDUAL,701,NPC,0000NPC001,61990,4249,NATL,NSCC,AMCPCI,I,Y,33899.6296,346793.21
ACCT00078,00096059717,CORPORATE,798,NPC,0000NPC001,99687,2983,NATL,NSCC,AMCRAI,A,N,34889.9308,433332.94
ACCT00079,00097217147,INDIVIDUAL,701,OSAIC,0000OSA001,19038,9289,OSAI,NSCC,AMCPCI,I,N,21476.0629,219700.12
ACCT00080,00097076506,INDIVIDUAL,701,FIDO,0000FID001,93307,8532,FMCO,NSCC,AMCMSA,I,N,5366.3896,62625.77
ACCT00081,00095531230,ROTH_IRA,704,MS,0000MOR001,90728,9817,MSSB,NSCC,AMCRAI,W,Y,26135.1627,324598.72
ACCT00082,00092453962,ROTH_IRA,704,ICAP,0000ICA001,46559,8385,ICAP,DIRECT,AMCPCI,A,Y,42600.4867,435802.98
ACCT00083,00096452832,ROTH_IRA,704,OSAIC,0000OSA001,33834,8988,OSAI,NSCC,AMCMSA,A,Y,1532.1299,17879.96
ACCT00084,00095635017,PENSION,798,FIDO,0000FID001,82848,1166,FMCO,NSCC,AMCPCI,A,N,14054.9586,143782.23
ACCT00085,00095031966,INDIVIDUAL,701,UBS,0000UBS001,72402,9041,UBSW,NSCC,AMCRAI,W,Y,20380.7634,253129.08
ACCT00086,00095081983,INDIVIDUAL,701,OSAIC,0000OSA001,50135,7046,OSAI,NSCC,AMCECF,A,Y,11157.6604,121060.62
ACCT00087,00096549757,TRUST,705,CAIS,0000CAI001,56112,8434,CAIS,DIRECT,AMCPCI,I,Y,49831.9101,509780.44
ACCT00088,00096294016,IRA,703,RJ,0000RAJ001,25670,9779,RJFS,NSCC,AMCRAI,A,N,36092.0881,448263.73
ACCT00089,00099801946,JOINT,702,MS,0000MOR001,88222,5636,MSSB,NSCC,AMCRAI,W,Y,24261.5095,301327.95
ACCT00090,00096071208,JOINT,702,SII,0000SII001,11854,9751,SIII,NSCC,AMCPCI,A,Y,18107.9654,185244.49
ACCT00091,00093118618,INDIVIDUAL,701,RJ,0000RAJ001,93606,9042,RJFS,NSCC,AMCECF,I,Y,14677.6186,159252.16
ACCT00092,00096716097,INDIVIDUAL,701,SII,0000SII001,34164,1841,SIII,NSCC,AMCPCI,I,Y,23987.839,245395.59
ACCT00093,00092242892,ROTH_IRA,704,SII,0000SII001,85631,1878,SIII,NSCC,AMCECF,A,Y,20095.3014,218034.02
ACCT00094,00092987287,PENSION,798,MS,0000MOR001,83147,7818,MSSB,NSCC,AMCPCI,A,N,49696.5143,508395.34
ACCT00095,00098427625,PENSION,798,NPC,0000NPC001,48974,8025,NATL,NSCC,AMCRAI,I,Y,19080.8635,236984.32
ACCT00096,00092664863,TRUST,705,NPC,0000NPC001,37235,4457,NATL,NSCC,AMCECF,I,Y,48009.428,520902.29
ACCT00097,00092259379,INDIVIDUAL,701,CETA,0000CET001,30517,1043,CETA,NSCC,AMCRAI,A,Y,8773.2961,108964.34
ACCT00098,00095833597,CORPORATE,798,ICAP,0000ICA001,47056,8438,ICAP,DIRECT,AMCMSA,A,Y,1728.7288,20174.27
ACCT00099,00094318855,JOINT,702,CETA,0000CET001,65723,2880,CETA,NSCC,AMCPCI,W,N,29530.5005,302097.02
ACCT00100,00092198058,CORPORATE,798,UBS,0000UBS001,17816,3718,UBSW,NSCC,AMCRAI,A,Y,41348.8949,513553.27
ACCT00101,00096101803,CORPORATE,798,NPC,0000NPC001,62757,5460,NATL,NSCC,AMCPCI,I,N,6305.2475,64502.68
ACCT00102,00098248238,ROTH_IRA,704,CAIS,0000CAI001,52247,5102,CAIS,DIRECT,AMCMSA,A,Y,29942.0294,349423.48
ACCT00103,00091674975,JOINT,702,MER,0000MER001,32962,8708,MLCO,NSCC,AMCECF,W,N,41088.9201,445814.78
ACCT00104,00098312936,ROTH_IRA,704,CETA,0000CET001,93202,9056,CETA,NSCC,AMCPCI,A,Y,49847.5792,509940.74
ACCT00105,00092754894,IRA,703,ICAP,0000ICA001,31079,6403,ICAP,DIRECT,AMCMSA,A,Y,16120.807,188129.82
ACCT00106,00091615675,ROTH_IRA,704,VSR,0000VSR001,69614,2442,VSRF,NSCC,AMCPCI,W,Y,47265.1576,483522.56
ACCT00107,00091019311,IRA,703,RJ,0000RAJ001,96200,9889,RJFS,NSCC,AMCECF,I,Y,43259.0381,469360.56
ACCT00108,00099363326,INDIVIDUAL,701,SCHW,0000SCH001,91973,8242,SCHW,NSCC,AMCRAI,I,Y,18152.79,225457.65
ACCT00109,00099132114,IRA,703,UBS,0000UBS001,25915,1472,UBSW,NSCC,AMCRAI,A,N,21961.9931,272767.95
ACCT00110,00091229419,PENSION,798,NPC,0000NPC001,82384,7684,NATL,NSCC,AMCRAI,W,Y,8003.0704,99398.13
ACCT00111,00093583206,PENSION,798,UBS,0000UBS001,75323,5781,UBSW,NSCC,AMCECF,I,N,47358.331,513837.89
ACCT00112,00095089126,IRA,703,VSR,0000VSR001,69871,3369,VSRF,NSCC,AMCMSA,I,Y,49014.2072,571995.8
ACCT00113,00097961578,TRUST,705,UBS,0000UBS001,54548,9318,UBSW,NSCC,AMCRAI,A,Y,13884.7454,172448.54
ACCT00114,00099214801,INDIVIDUAL,701,SII,0000SII001,29476,8316,SIII,NSCC,AMCPCI,W,N,14997.9369,153428.89
ACCT00115,00097328534,IRA,703,ICAP,0000ICA001,69682,6272,ICAP,DIRECT,AMCPCI,I,Y,38167.3466,390451.96
ACCT00116,00097891662,JOINT,702,VSR,0000VSR001,15720,6213,VSRF,NSCC,AMCMSA,A,N,42815.0475,499651.6
ACCT00117,00093551903,CORPORATE,798,ICAP,0000ICA001,74923,1606,ICAP,DIRECT,AMCMSA,I,Y,49421.8587,576753.09
ACCT00118,00098387112,TRUST,705,CAIS,0000CAI001,23069,9617,CAIS,DIRECT,AMCPCI,A,Y,43722.0997,447277.08
ACCT00119,00093589751,CORPORATE,798,LPL,0000LPL001,19807,8692,LPLF,NSCC,AMCRAI,I,Y,43559.5553,541009.68
ACCT00120,00096512415,TRUST,705,FIDO,0000FID001,98389,9742,FMCO,NSCC,AMCMSA,W,Y,4107.7345,47937.26
ACCT00121,00092147909,CORPORATE,798,FIDO,0000FID001,40771,5708,FMCO,NSCC,AMCMSA,I,Y,1891.3651,22072.23
ACCT00122,00092686231,INDIVIDUAL,701,VSR,0000VSR001,68153,3725,VSRF,NSCC,AMCMSA,A,N,38042.4477,443955.36
ACCT00123,00095921894,INDIVIDUAL,701,RJ,0000RAJ001,56984,7141,RJFS,NSCC,AMCECF,A,Y,39827.5589,432129.01
ACCT00124,00094020853,JOINT,702,MS,0000MOR001,32280,3868,MSSB,NSCC,AMCMSA,I,Y,34121.8385,398201.86
ACCT00125,00099349470,PENSION,798,NPC,0000NPC001,86435,3344,NATL,NSCC,AMCMSA,I,Y,34188.4155,398978.81
ACCT00126,00091157662,CORPORATE,798,ICAP,0000ICA001,70981,5712,ICAP,DIRECT,AMCPCI,I,N,12840.8027,131361.41
ACCT00127,00096018975,JOINT,702,CAIS,0000CAI001,93746,7951,CAIS,DIRECT,AMCECF,I,N,47267.2582,512849.75
ACCT00128,00099106886,ROTH_IRA,704,RJ,0000RAJ001,23979,4886,RJFS,NSCC,AMCPCI,A,Y,49968.7409,511180.22
ACCT00129,00097640518,IRA,703,NPC,0000NPC001,45976,1132,NATL,NSCC,AMCPCI,W,N,14832.0146,151731.51
ACCT00130,00095801541,CORPORATE,798,SII,0000SII001,40162,6772,SIII,NSCC,AMCECF,I,Y,37284.0905,404532.38
ACCT00131,00093294774,JOINT,702,CETA,0000CET001,92345,2591,CETA,NSCC,AMCPCI,W,N,37803.3085,386727.85
ACCT00132,00097121355,INDIVIDUAL,701,CETA,0000CET001,27224,2476,CETA,NSCC,AMCPCI,I,Y,1764.8901,18054.83
ACCT00133,00097138070,CORPORATE,798,FIDO,0000FID001,79579,9221,FMCO,NSCC,AMCMSA,A,Y,10119.6603,118096.44
ACCT00134,00095951651,JOINT,702,SII,0000SII001,54396,2886,SIII,NSCC,AMCPCI,I,Y,48372.4654,494850.32
ACCT00135,00097667458,JOINT,702,MER,0000MER001,83048,6992,MLCO,NSCC,AMCRAI,W,Y,36238.4139,450081.1
ACCT00136,00098630043,ROTH_IRA,704,OSAIC,0000OSA001,58311,5295,OSAI,NSCC,AMCECF,A,N,26874.9582,291593.3
ACCT00137,00098910069,PENSION,798,SCHW,0000SCH001,13280,6374,SCHW,NSCC,AMCPCI,A,N,33774.3441,345511.54
ACCT00138,00096069909,CORPORATE,798,UBS,0000UBS001,95097,7689,UBSW,NSCC,AMCECF,W,Y,41210.382,447132.64
ACCT00139,00092948178,INDIVIDUAL,701,MS,0000MOR001,22739,4846,MSSB,NSCC,AMCECF,A,N,49796.776,540295.02
ACCT00140,00098031780,ROTH_IRA,704,MS,0000MOR001,86983,3531,MSSB,NSCC,AMCMSA,A,Y,33557.2623,391613.25
ACCT00141,00095693260,INDIVIDUAL,701,CETA,0000CET001,14288,7070,CETA,NSCC,AMCMSA,I,Y,20464.9827,238826.35
ACCT00142,00097162857,ROTH_IRA,704,ICAP,0000ICA001,81364,6876,ICAP,DIRECT,AMCRAI,A,Y,5057.7958,62817.82
ACCT00143,00098628891,IRA,703,SCHW,0000SCH001,22015,4475,SCHW,NSCC,AMCRAI,A,N,47455.6383,589399.03
ACCT00144,00095086407,TRUST,705,CETA,0000CET001,26505,4362,CETA,NSCC,AMCECF,A,Y,39361.0501,427067.39
ACCT00145,00094909069,PENSION,798,SII,0000SII001,53064,3417,SIII,NSCC,AMCRAI,I,N,10875.9725,135079.58
ACCT00146,00093927575,IRA,703,LPL,0000LPL001,24408,1422,LPLF,NSCC,AMCRAI,A,Y,27056.7513,336044.85
ACCT00147,00093923366,IRA,703,LPL,0000LPL001,44782,1858,LPLF,NSCC,AMCRAI,I,Y,16256.196,201901.95
ACCT00148,00098520810,ROTH_IRA,704,VSR,0000VSR001,57453,9408,VSRF,NSCC,AMCECF,W,N,3271.5461,35496.28
ACCT00149,00099748499,ROTH_IRA,704,MER,0000MER001,49535,8504,MLCO,NSCC,AMCRAI,I,N,2263.9153,28117.83
ACCT00150,00092811298,INDIVIDUAL,701,LPL,0000LPL001,74260,8267,LPLF,NSCC,AMCMSA,I,Y,21371.0536,249400.2
ACCT00151,00093117143,INDIVIDUAL,701,CNTS,0000CNT001,46046,9984,CNTS,NSCC,AMCPCI,I,N,7501.8579,76744.01
ACCT00152,00098217547,ROTH_IRA,704,FIDO,0000FID001,22999,2874,FMCO,NSCC,AMCPCI,I,N,25326.9986,259095.2
ACCT00153,00094833486,PENSION,798,CETA,0000CET001,64239,6553,CETA,NSCC,AMCRAI,I,Y,22632.5903,281096.77
ACCT00154,00095276341,ROTH_IRA,704,SCHW,0000SCH001,59060,3500,SCHW,NSCC,AMCECF,A,N,21395.5239,232141.43
ACCT00155,00092564141,ROTH_IRA,704,CNTS,0000CNT001,66606,2582,CNTS,NSCC,AMCECF,A,N,41605.4172,451418.78
ACCT00156,00096530541,IRA,703,VSR,0000VSR001,97819,3002,VSRF,NSCC,AMCRAI,I,Y,3093.0508,38415.69
ACCT00157,00095825620,PENSION,798,FIDO,0000FID001,88696,6119,FMCO,NSCC,AMCMSA,W,Y,2667.1594,31125.75
ACCT00158,00094762204,TRUST,705,MER,0000MER001,24184,6736,MLCO,NSCC,AMCRAI,A,N,32871.1415,408259.58
ACCT00159,00098199311,INDIVIDUAL,701,FIDO,0000FID001,83526,1430,FMCO,NSCC,AMCPCI,I,N,11385.3388,116472.02
ACCT00160,00096183902,CORPORATE,798,CNTS,0000CNT001,54541,6751,CNTS,NSCC,AMCPCI,A,Y,9102.762,93121.26
ACCT00161,00092167449,PENSION,798,MS,0000MOR001,28595,1502,MSSB,NSCC,AMCRAI,I,Y,32901.4973,408636.6
ACCT00162,00096719285,TRUST,705,VSR,0000VSR001,30631,7062,VSRF,NSCC,AMCRAI,I,Y,21049.6414,261436.55
ACCT00163,00091834876,IRA,703,VSR,0000VSR001,98338,2336,VSRF,NSCC,AMCECF,A,Y,7863.4372,85318.29
ACCT00164,00097948850,CORPORATE,798,ICAP,0000ICA001,45804,4531,ICAP,DIRECT,AMCMSA,I,N,30393.0928,354687.39
ACCT00165,00099164342,IRA,703,MER,0000MER001,79066,6053,MLCO,NSCC,AMCMSA,A,Y,14233.9989,166110.77
ACCT00166,00094543918,ROTH_IRA,704,UBS,0000UBS001,27987,5186,UBSW,NSCC,AMCECF,A,Y,10300.7139,111762.75
ACCT00167,00093947669,INDIVIDUAL,701,FIDO,0000FID001,26932,7229,FMCO,NSCC,AMCECF,I,N,37376.0048,405529.65
ACCT00168,00091709714,JOINT,702,VSR,0000VSR001,67176,1307,VSRF,NSCC,AMCPCI,A,Y,19913.8516,203718.7
ACCT00169,00097785090,INDIVIDUAL,701,CNTS,0000CNT001,93904,7843,CNTS,NSCC,AMCPCI,I,Y,21521.2859,220162.75
ACCT00170,00098719145,ROTH_IRA,704,MER,0000MER001,57428,2443,MLCO,NSCC,AMCECF,A,Y,8676.4717,94139.72
ACCT00171,00099790632,INDIVIDUAL,701,SII,0000SII001,20308,7484,SIII,NSCC,AMCRAI,I,Y,29484.6773,366199.69
ACCT00172,00092281433,IRA,703,VSR,0000VSR001,76910,2868,VSRF,NSCC,AMCRAI,A,N,38977.9816,484106.53
ACCT00173,00093477824,JOINT,702,CAIS,0000CAI001,40968,2684,CAIS,DIRECT,AMCPCI,A,Y,36396.2174,372333.3
ACCT00174,00092264218,JOINT,702,RJ,0000RAJ001,33218,9095,RJFS,NSCC,AMCRAI,I,Y,7728.2025,95984.28
ACCT00175,00096422534,TRUST,705,OSAIC,0000OSA001,92210,6179,OSAI,NSCC,AMCMSA,W,Y,46215.2975,539332.52
ACCT00176,00095608259,INDIVIDUAL,701,ICAP,0000ICA001,87518,1920,ICAP,DIRECT,AMCMSA,I,Y,31606.1175,368843.39
ACCT00177,00091954456,INDIVIDUAL,701,CAIS,0000CAI001,58331,5703,CAIS,DIRECT,AMCPCI,I,Y,22650.5018,231714.63
ACCT00178,00097450545,PENSION,798,CETA,0000CET001,70648,1672,CETA,NSCC,AMCECF,I,Y,29744.5829,322728.72
ACCT00179,00099411547,PENSION,798,CNTS,0000CNT001,29773,2013,CNTS,NSCC,AMCRAI,A,Y,30289.7911,376199.21
ACCT00180,00093895058,PENSION,798,MER,0000MER001,15130,5059,MLCO,NSCC,AMCPCI,W,N,4308.0237,44071.08
ACCT00181,00095746166,ROTH_IRA,704,ICAP,0000ICA001,60779,7697,ICAP,DIRECT,AMCRAI,A,Y,18705.3139,232320.0
ACCT00182,00092105817,TRUST,705,CETA,0000CET001,53213,2548,CETA,NSCC,AMCECF,W,N,32400.5373,351545.83
ACCT00183,00093522845,ROTH_IRA,704,CETA,0000CET001,53694,2335,CETA,NSCC,AMCPCI,A,N,36214.3094,370472.39
ACCT00184,00097575963,JOINT,702,CETA,0000CET001,26901,2388,CETA,NSCC,AMCPCI,A,Y,48388.0557,495009.81
ACCT00185,00099831414,ROTH_IRA,704,CAIS,0000CAI001,22249,7937,CAIS,DIRECT,AMCPCI,A,N,33538.8084,343102.01
ACCT00186,00094593556,INDIVIDUAL,701,FIDO,0000FID001,54791,8967,FMCO,NSCC,AMCPCI,A,Y,9095.1199,93043.08
ACCT00187,00092696860,JOINT,702,UBS,0000UBS001,76543,9843,UBSW,NSCC,AMCRAI,A,N,14860.0259,184561.52
ACCT00188,00093198638,TRUST,705,CNTS,0000CNT001,88282,7172,CNTS,NSCC,AMCECF,W,Y,16904.5422,183414.28
ACCT00189,00097893063,JOINT,702,MS,0000MOR001,57749,4891,MSSB,NSCC,AMCRAI,W,Y,21939.9029,272493.59
ACCT00190,00096192009,IRA,703,NPC,0000NPC001,71474,4178,NATL,NSCC,AMCMSA,A,Y,26747.1564,312139.32
ACCT00191,00097406756,TRUST,705,CETA,0000CET001,75916,9641,CETA,NSCC,AMCMSA,I,Y,38494.9837,449236.46
ACCT00192,00095194357,PENSION,798,MS,0000MOR001,16839,8873,MSSB,NSCC,AMCRAI,I,Y,7006.0869,87015.6
ACCT00193,00093689594,INDIVIDUAL,701,CAIS,0000CAI001,45755,8361,CAIS,DIRECT,AMCECF,A,N,4285.3688,46496.25
ACCT00194,00094725179,PENSION,798,MS,0000MOR001,69130,6727,MSSB,NSCC,AMCMSA,A,Y,47326.0218,552294.67
ACCT00195,00097478792,INDIVIDUAL,701,SCHW,0000SCH001,20696,7142,SCHW,NSCC,AMCMSA,I,Y,18760.6782,218937.11
ACCT00196,00093450300,IRA,703,LPL,0000LPL001,28035,1627,LPLF,NSCC,AMCECF,W,Y,32533.0381,352983.46
ACCT00197,00098870361,PENSION,798,CNTS,0000CNT001,68799,1086,CNTS,NSCC,AMCMSA,W,Y,41572.4132,485150.06
ACCT00198,00099854536,IRA,703,LPL,0000LPL001,65476,2821,LPLF,NSCC,AMCRAI,A,Y,27485.3318,341367.82
ACCT00199,00098669093,IRA,703,UBS,0000UBS001,18232,2816,UBSW,NSCC,AMCECF,A,Y,11998.1312,130179.72
ACCT00200,00095059048,TRUST,705,NPC,0000NPC001,28818,5772,NATL,NSCC,AMCECF,W,Y,25817.2489,280117.15
ACCT00201,00094142605,TRUST,705,LPL,0000LPL001,97080,2402,LPLF,NSCC,AMCPCI,A,N,28576.1194,292333.7
ACCT00202,00091730386,INDIVIDUAL,701,FIDO,0000FID001,93318,7338,FMCO,NSCC,AMCECF,I,Y,43679.2388,473919.74
ACCT00203,00096784825,CORPORATE,798,RJ,0000RAJ001,41604,2698,RJFS,NSCC,AMCECF,A,N,39447.1488,428001.56
ACCT00204,00096679880,PENSION,798,VSR,0000VSR001,94252,3868,VSRF,NSCC,AMCPCI,A,N,2312.3508,23655.35
ACCT00205,00093262450,CORPORATE,798,ICAP,0000ICA001,18270,8498,ICAP,DIRECT,AMCMSA,W,Y,9195.6721,107313.49
ACCT00206,00096294819,JOINT,702,RJ,0000RAJ001,50642,9444,RJFS,NSCC,AMCECF,A,Y,44300.9402,480665.2
ACCT00207,00094206183,TRUST,705,SII,0000SII001,47501,6848,SIII,NSCC,AMCMSA,A,Y,1927.3765,22492.48
ACCT00208,00097174337,CORPORATE,798,SII,0000SII001,67272,7553,SIII,NSCC,AMCPCI,A,N,6311.3029,64564.63
ACCT00209,00099347057,ROTH_IRA,704,ICAP,0000ICA001,58148,9507,ICAP,DIRECT,AMCPCI,A,Y,24860.541,254323.33
ACCT00210,00094027557,INDIVIDUAL,701,OSAIC,0000OSA001,81496,5813,OSAI,NSCC,AMCMSA,A,Y,21587.2969,251923.75
ACCT00211,00098481225,INDIVIDUAL,701,MER,0000MER001,88986,7981,MLCO,NSCC,AMCPCI,W,Y,14852.4335,151940.39
ACCT00212,00096914963,ROTH_IRA,704,VSR,0000VSR001,90589,8126,VSRF,NSCC,AMCPCI,I,Y,2213.5226,22644.34
ACCT00213,00097815076,PENSION,798,CETA,0000CET001,57619,9406,CETA,NSCC,AMCECF,A,N,33592.0761,364474.03
ACCT00214,00098351320,JOINT,702,CETA,0000CET001,14561,3068,CETA,NSCC,AMCECF,A,Y,42448.5986,460567.29
ACCT00215,00091543335,PENSION,798,UBS,0000UBS001,89310,3513,UBSW,NSCC,AMCPCI,A,N,19204.4346,196461.37
ACCT00216,00093310140,IRA,703,ICAP,0000ICA001,79397,7012,ICAP,DIRECT,AMCPCI,I,Y,38177.9151,390560.07
ACCT00217,00091434753,CORPORATE,798,FIDO,0000FID001,34385,9176,FMCO,NSCC,AMCPCI,A,N,48029.9506,491346.39
ACCT00218,00098487220,TRUST,705,SCHW,0000SCH001,38124,5678,SCHW,NSCC,AMCECF,A,N,38770.7277,420662.4
ACCT00219,00092242387,ROTH_IRA,704,CNTS,0000CNT001,69250,3828,CNTS,NSCC,AMCRAI,A,N,6872.848,85360.77
ACCT00220,00092089496,INDIVIDUAL,701,ICAP,0000ICA001,82089,9882,ICAP,DIRECT,AMCPCI,W,Y,17436.5222,178375.62
ACCT00221,00093920762,IRA,703,CNTS,0000CNT001,57381,9335,CNTS,NSCC,AMCRAI,W,Y,35507.2332,440999.84
ACCT00222,00091440972,JOINT,702,MER,0000MER001,57303,7044,MLCO,NSCC,AMCRAI,A,Y,39539.6157,491082.03
ACCT00223,00092103070,TRUST,705,OSAIC,0000OSA001,50539,7523,OSAI,NSCC,AMCRAI,I,N,44223.8977,549260.81
ACCT00224,00092237331,ROTH_IRA,704,VSR,0000VSR001,26426,6194,VSRF,NSCC,AMCMSA,I,N,41184.636,480624.7
ACCT00225,00093153097,ROTH_IRA,704,MER,0000MER001,82260,3981,MLCO,NSCC,AMCMSA,W,Y,25916.2646,302442.81
ACCT00226,00096102363,TRUST,705,SCHW,0000SCH001,31581,3653,SCHW,NSCC,AMCECF,A,Y,25953.2964,281593.27
ACCT00227,00099705660,CORPORATE,798,CNTS,0000CNT001,47230,2292,CNTS,NSCC,AMCRAI,A,Y,47379.4085,588452.25
ACCT00228,00099950276,CORPORATE,798,UBS,0000UBS001,22245,9234,UBSW,NSCC,AMCPCI,A,N,31288.6158,320082.54
ACCT00229,00096664316,TRUST,705,MS,0000MOR001,83874,1674,MSSB,NSCC,AMCRAI,A,Y,32970.7704,409496.97
ACCT00230,00097989166,INDIVIDUAL,701,MER,0000MER001,91016,1496,MLCO,NSCC,AMCPCI,W,Y,10619.3381,108635.83
ACCT00231,00099102469,CORPORATE,798,CNTS,0000CNT001,42096,7653,CNTS,NSCC,AMCPCI,W,Y,47836.8435,489370.91
ACCT00232,00099124385,INDIVIDUAL,701,ICAP,0000ICA001,70875,4342,ICAP,DIRECT,AMCECF,A,Y,22036.3144,239094.01
ACCT00233,00096794356,JOINT,702,NPC,0000NPC001,62260,3142,NATL,NSCC,AMCPCI,W,Y,16033.888,164026.67
ACCT00234,00093055576,TRUST,705,CAIS,0000CAI001,45058,8366,CAIS,DIRECT,AMCECF,A,Y,12162.7193,131965.5
ACCT00235,00098015136,INDIVIDUAL,701,MS,0000MOR001,42541,3616,MSSB,NSCC,AMCECF,A,Y,47274.7061,512930.56
ACCT00236,00099359508,TRUST,705,CNTS,0000CNT001,77466,8648,CNTS,NSCC,AMCPCI,A,Y,38179.7566,390578.91
ACCT00237,00097597509,IRA,703,CNTS,0000CNT001,76249,8491,CNTS,NSCC,AMCMSA,A,Y,4593.4498,53605.56
ACCT00238,00099302946,TRUST,705,UBS,0000UBS001,88317,8710,UBSW,NSCC,AMCPCI,A,Y,2621.9662,26822.71
ACCT00239,00095437118,INDIVIDUAL,701,CAIS,0000CAI001,57943,7606,CAIS,DIRECT,AMCECF,I,Y,6783.3537,73599.39
ACCT00240,00097082139,ROTH_IRA,704,LPL,0000LPL001,82512,5728,LPLF,NSCC,AMCECF,I,Y,28134.6616,305261.08
ACCT00241,00092993318,TRUST,705,SCHW,0000SCH001,26864,2584,SCHW,NSCC,AMCMSA,I,Y,14058.0618,164057.58
ACCT00242,00093420404,PENSION,798,FIDO,0000FID001,36090,9341,FMCO,NSCC,AMCPCI,I,Y,46953.5335,480334.65
ACCT00243,00096587495,INDIVIDUAL,701,CAIS,0000CAI001,72094,9508,CAIS,DIRECT,AMCECF,A,Y,6938.115,75278.55
ACCT00244,00096344047,TRUST,705,MS,0000MOR001,31299,7438,MSSB,NSCC,AMCRAI,A,N,46575.2999,578465.22
ACCT00245,00099551583,PENSION,798,VSR,0000VSR001,79774,9025,VSRF,NSCC,AMCPCI,I,N,16885.0353,172733.91
ACCT00246,00092838859,IRA,703,NPC,0000NPC001,64596,6040,NATL,NSCC,AMCMSA,A,N,18481.0547,215673.91
ACCT00247,00094817541,CORPORATE,798,SII,0000SII001,16731,8871,SIII,NSCC,AMCECF,I,Y,23782.0517,258035.26
ACCT00248,00095063384,CORPORATE,798,CAIS,0000CAI001,14138,2800,CAIS,DIRECT,AMCMSA,A,Y,41100.8984,479647.48
ACCT00249,00094420734,ROTH_IRA,704,LPL,0000LPL001,63788,9221,LPLF,NSCC,AMCPCI,I,N,7656.4198,78325.17
ACCT00250,00094478616,ROTH_IRA,704,CNTS,0000CNT001,83516,6325,CNTS,NSCC,AMCECF,W,N,6990.316,75844.93
ACCT00251,00098711874,TRUST,705,ICAP,0000ICA001,79878,6608,ICAP,DIRECT,AMCMSA,A,N,47838.6061,558276.53
ACCT00252,00095135904,CORPORATE,798,FIDO,0000FID001,46569,5890,FMCO,NSCC,AMCPCI,I,Y,24260.5871,248185.81
ACCT00253,00099204110,PENSION,798,RJ,0000RAJ001,51555,8861,RJFS,NSCC,AMCPCI,W,Y,10443.162,106833.55
ACCT00254,00097370211,PENSION,798,CAIS,0000CAI001,61712,6654,CAIS,DIRECT,AMCPCI,A,Y,6181.5179,63236.93
ACCT00255,00098421839,INDIVIDUAL,701,RJ,0000RAJ001,95979,5201,RJFS,NSCC,AMCPCI,W,N,4043.5689,41365.71
ACCT00256,00095557052,JOINT,702,ICAP,0000ICA001,27992,2789,ICAP,DIRECT,AMCRAI,I,N,13629.5228,169278.67
ACCT00257,00099909397,TRUST,705,VSR,0000VSR001,39579,4814,VSRF,NSCC,AMCRAI,A,Y,2633.195,32704.28
ACCT00258,00093306314,ROTH_IRA,704,MER,0000MER001,10679,3587,MLCO,NSCC,AMCPCI,W,Y,23672.955,242174.33
ACCT00259,00095819172,ROTH_IRA,704,CETA,0000CET001,52096,5676,CETA,NSCC,AMCMSA,W,N,10052.8531,117316.8
ACCT00260,00099978365,PENSION,798,LPL,0000LPL001,14888,3868,LPLF,NSCC,AMCECF,W,Y,28749.2543,311929.41
ACCT00261,00097660463,PENSION,798,CNTS,0000CNT001,74930,4052,CNTS,NSCC,AMCRAI,A,N,49858.873,619247.2
ACCT00262,00092800206,IRA,703,SII,0000SII001,53914,5662,SIII,NSCC,AMCECF,A,Y,14989.7713,162639.02
ACCT00263,00098852085,TRUST,705,CETA,0000CET001,45761,4159,CETA,NSCC,AMCMSA,A,Y,42567.881,496767.17
ACCT00264,00094123902,JOINT,702,FIDO,0000FID001,11846,6523,FMCO,NSCC,AMCMSA,W,Y,12937.5175,150980.83
ACCT00265,00097802999,CORPORATE,798,NPC,0000NPC001,66059,9442,NATL,NSCC,AMCRAI,A,Y,30586.6295,379885.94
ACCT00266,00099010350,ROTH_IRA,704,MER,0000MER001,52415,5064,MLCO,NSCC,AMCECF,A,Y,49086.0911,532584.09
ACCT00267,00096530194,ROTH_IRA,704,RJ,0000RAJ001,49576,1187,RJFS,NSCC,AMCRAI,I,Y,37712.4569,468388.71
ACCT00268,00098808032,IRA,703,CETA,0000CET001,50213,3616,CETA,NSCC,AMCRAI,A,Y,33422.5271,415107.79
ACCT00269,00095949909,TRUST,705,CETA,0000CET001,58174,4618,CETA,NSCC,AMCPCI,W,Y,5959.0457,60961.04
ACCT00270,00097268384,ROTH_IRA,704,MS,0000MOR001,64505,9998,MSSB,NSCC,AMCRAI,I,Y,37411.9684,464656.65
ACCT00271,00092373555,TRUST,705,OSAIC,0000OSA001,78879,8319,OSAI,NSCC,AMCRAI,A,N,34049.0618,422889.35
ACCT00272,00099480665,IRA,703,VSR,0000VSR001,36497,9792,VSRF,NSCC,AMCECF,I,Y,5699.2187,61836.52
ACCT00273,00099201172,IRA,703,MS,0000MOR001,21919,9361,MSSB,NSCC,AMCMSA,A,Y,34046.7324,397325.37
ACCT00274,00098663806,INDIVIDUAL,701,OSAIC,0000OSA001,83912,1945,OSAI,NSCC,AMCMSA,A,N,25711.0674,300048.16
ACCT00275,00095269083,CORPORATE,798,ICAP,0000ICA001,10395,4570,ICAP,DIRECT,AMCPCI,W,N,1186.3458,12136.32
ACCT00276,00092010921,INDIVIDUAL,701,MER,0000MER001,19046,8734,MLCO,NSCC,AMCMSA,A,Y,35049.2054,409024.23
ACCT00277,00098052503,ROTH_IRA,704,RJ,0000RAJ001,59081,7266,RJFS,NSCC,AMCRAI,A,Y,38314.8014,475869.83
ACCT00278,00093231198,ROTH_IRA,704,SII,0000SII001,95660,6697,SIII,NSCC,AMCMSA,A,Y,34168.2447,398743.42
ACCT00279,00094736121,TRUST,705,MS,0000MOR001,10455,1372,MSSB,NSCC,AMCMSA,I,Y,6454.6197,75325.41
ACCT00280,00094853123,CORPORATE,798,ICAP,0000ICA001,42441,8546,ICAP,DIRECT,AMCMSA,I,Y,19025.8958,222032.2
ACCT00281,00091540516,IRA,703,MS,0000MOR001,96533,7868,MSSB,NSCC,AMCRAI,W,N,38297.9475,475660.51
ACCT00282,00091563316,INDIVIDUAL,701,OSAIC,0000OSA001,68515,1797,OSAI,NSCC,AMCRAI,A,Y,3457.8161,42946.08
ACCT00283,00094645172,INDIVIDUAL,701,VSR,0000VSR001,17398,3295,VSRF,NSCC,AMCMSA,I,N,11793.53,137630.5
ACCT00284,00096379867,JOINT,702,RJ,0000RAJ001,41051,5944,RJFS,NSCC,AMCPCI,I,Y,29936.0919,306246.22
ACCT00285,00092022699,TRUST,705,CETA,0000CET001,82970,3869,CETA,NSCC,AMCRAI,I,N,15094.9976,187479.87
ACCT00286,00097394713,ROTH_IRA,704,CETA,0000CET001,78742,6222,CETA,NSCC,AMCMSA,A,N,48617.2827,567363.69
ACCT00287,00098944327,ROTH_IRA,704,SCHW,0000SCH001,41584,4692,SCHW,NSCC,AMCRAI,A,Y,18885.3634,234556.21
ACCT00288,00097923579,CORPORATE,798,SII,0000SII001,64592,9683,SIII,NSCC,AMCRAI,I,Y,45745.5846,568160.16
ACCT00289,00092326581,JOINT,702,SCHW,0000SCH001,68954,7079,SCHW,NSCC,AMCPCI,A,Y,16580.1234,169614.66
ACCT00290,00091663497,CORPORATE,798,CAIS,0000CAI001,19539,4082,CAIS,DIRECT,AMCRAI,A,N,13496.2332,167623.22
ACCT00291,00096586214,CORPORATE,798,VSR,0000VSR001,49739,1251,VSRF,NSCC,AMCRAI,I,Y,10523.5655,130702.68
ACCT00292,00099034958,JOINT,702,CNTS,0000CNT001,41797,4350,CNTS,NSCC,AMCECF,W,Y,49978.6432,542268.28
ACCT00293,00099953163,JOINT,702,CNTS,0000CNT001,95029,6886,CNTS,NSCC,AMCPCI,A,Y,19095.021,195342.06
ACCT00294,00098876742,IRA,703,RJ,0000RAJ001,51973,4328,RJFS,NSCC,AMCMSA,I,Y,5020.5508,58589.83
ACCT00295,00093448176,ROTH_IRA,704,FIDO,0000FID001,12125,5272,FMCO,NSCC,AMCECF,I,N,43217.8336,468913.49
ACCT00296,00096534221,TRUST,705,CNTS,0000CNT001,40149,7223,CNTS,NSCC,AMCMSA,A,N,7705.3294,89921.19
ACCT00297,00096663388,JOINT,702,SII,0000SII001,43728,9005,SIII,NSCC,AMCMSA,I,N,32764.9375,382366.82
ACCT00298,00096908535,CORPORATE,798,CETA,0000CET001,32185,3293,CETA,NSCC,AMCMSA,I,N,8494.8589,99135.0
ACCT00299,00091985360,ROTH_IRA,704,CAIS,0000CAI001,78674,1554,CAIS,DIRECT,AMCRAI,I,Y,49517.1447,615002.94
ACCT00300,00094882808,CORPORATE,798,SII,0000SII001,18908,3474,SIII,NSCC,AMCECF,A,Y,20678.3719,224360.34
ACCT00301,00099106820,TRUST,705,UBS,0000UBS001,96413,8993,UBSW,NSCC,AMCMSA,A,Y,3116.4609,36369.1
ACCT00302,00095609384,TRUST,705,LPL,0000LPL001,80220,5697,LPLF,NSCC,AMCMSA,A,Y,934.6348,10907.19
ACCT00303,00092615878,PENSION,798,CAIS,0000CAI001,78732,3439,CAIS,DIRECT,AMCMSA,A,Y,5440.1198,63486.2
ACCT00304,00097658817,TRUST,705,UBS,0000UBS001,20357,7112,UBSW,NSCC,AMCPCI,A,Y,13439.5044,137486.13
ACCT00305,00092352527,TRUST,705,ICAP,0000ICA001,95686,1519,ICAP,DIRECT,AMCRAI,W,Y,11370.2769,141218.84
ACCT00306,00091158547,ROTH_IRA,704,SCHW,0000SCH001,32463,2354,SCHW,NSCC,AMCMSA,I,Y,23852.6545,278360.48
ACCT00307,00092599906,ROTH_IRA,704,SII,0000SII001,79226,1697,SIII,NSCC,AMCPCI,I,Y,48868.7282,499927.09
ACCT00308,00092247353,PENSION,798,UBS,0000UBS001,99709,5593,UBSW,NSCC,AMCMSA,A,N,2423.4423,28281.57
ACCT00309,00096276177,CORPORATE,798,NPC,0000NPC001,12052,4394,NATL,NSCC,AMCECF,A,N,46445.4414,503933.04
ACCT00310,00095034453,PENSION,798,MS,0000MOR001,84277,7375,MSSB,NSCC,AMCMSA,A,N,15033.9168,175445.81
ACCT00311,00093347981,TRUST,705,CNTS,0000CNT001,20279,9204,CNTS,NSCC,AMCPCI,I,N,37804.9023,386744.15
ACCT00312,00092275374,INDIVIDUAL,701,FIDO,0000FID001,54642,7499,FMCO,NSCC,AMCECF,I,Y,11683.9858,126771.25
ACCT00313,00096969521,CORPORATE,798,LPL,0000LPL001,82487,7150,LPLF,NSCC,AMCPCI,I,Y,24581.1125,251464.78
ACCT00314,00095955645,CORPORATE,798,MS,0000MOR001,42302,2204,MSSB,NSCC,AMCMSA,A,Y,38631.1535,450825.56
ACCT00315,00093588336,JOINT,702,RJ,0000RAJ001,61068,6188,RJFS,NSCC,AMCMSA,W,Y,39216.1251,457652.18
ACCT00316,00095525929,INDIVIDUAL,701,MER,0000MER001,23399,3170,MLCO,NSCC,AMCECF,A,Y,22292.3197,241871.67
ACCT00317,00097845845,ROTH_IRA,704,MS,0000MOR001,23538,1430,MSSB,NSCC,AMCMSA,I,Y,27781.526,324210.41
ACCT00318,00096443037,TRUST,705,FIDO,0000FID001,60493,1202,FMCO,NSCC,AMCECF,I,Y,29942.3855,324874.88
ACCT00319,00095072543,ROTH_IRA,704,SCHW,0000SCH001,84967,9537,SCHW,NSCC,AMCECF,W,Y,45066.6886,488973.57
ACCT00320,00095503118,ROTH_IRA,704,CETA,0000CET001,74634,3390,CETA,NSCC,AMCRAI,A,Y,13519.0563,167906.68
ACCT00321,00092290526,ROTH_IRA,704,MS,0000MOR001,57333,5123,MSSB,NSCC,AMCPCI,I,Y,15057.6375,154039.63
ACCT00322,00098681643,CORPORATE,798,VSR,0000VSR001,24021,3219,VSRF,NSCC,AMCMSA,I,Y,30871.7727,360273.59
ACCT00323,00096528792,ROTH_IRA,704,LPL,0000LPL001,67700,6484,LPLF,NSCC,AMCPCI,I,Y,19056.5088,194948.09
ACCT00324,00094369728,PENSION,798,SII,0000SII001,72784,6147,SIII,NSCC,AMCRAI,A,Y,16101.1913,199976.8
ACCT00325,00099237735,IRA,703,SCHW,0000SCH001,85481,4971,SCHW,NSCC,AMCPCI,W,Y,34778.3926,355782.96
ACCT00326,00094352088,IRA,703,SCHW,0000SCH001,87624,9939,SCHW,NSCC,AMCMSA,A,Y,5783.0024,67487.64
ACCT00327,00094517316,PENSION,798,CETA,0000CET001,67469,5773,CETA,NSCC,AMCECF,W,N,23134.9489,251014.2
ACCT00328,00096080688,PENSION,798,MER,0000MER001,41722,5139,MLCO,NSCC,AMCMSA,W,N,25015.2304,291927.74
ACCT00329,00099040224,CORPORATE,798,MS,0000MOR001,86315,7566,MSSB,NSCC,AMCMSA,I,N,3790.8603,44239.34
ACCT00330,00097031903,PENSION,798,CAIS,0000CAI001,80373,2392,CAIS,DIRECT,AMCMSA,I,Y,1934.5817,22576.57
ACCT00331,00091743175,JOINT,702,OSAIC,0000OSA001,83822,7547,OSAI,NSCC,AMCPCI,A,Y,32385.2924,331301.54
ACCT00332,00094724560,ROTH_IRA,704,OSAIC,0000OSA001,76935,9499,OSAI,NSCC,AMCECF,A,N,5020.4673,54472.07
ACCT00333,00098768911,CORPORATE,798,NPC,0000NPC001,99070,9199,NATL,NSCC,AMCRAI,I,Y,18768.5664,233105.59
ACCT00334,00092440404,INDIVIDUAL,701,FIDO,0000FID001,25213,3321,FMCO,NSCC,AMCMSA,A,Y,14842.0678,173206.93
ACCT00335,00096843509,IRA,703,RJ,0000RAJ001,72411,2599,RJFS,NSCC,AMCMSA,A,Y,26103.63,304629.36
ACCT00336,00091749657,CORPORATE,798,VSR,0000VSR001,25084,1370,VSRF,NSCC,AMCMSA,A,Y,3451.9996,40284.84
ACCT00337,00093926839,INDIVIDUAL,701,CETA,0000CET001,82339,3623,CETA,NSCC,AMCRAI,W,Y,12271.256,152409.0
ACCT00338,00094094587,ROTH_IRA,704,CAIS,0000CAI001,34430,8080,CAIS,DIRECT,AMCMSA,A,Y,39908.0138,465726.52
ACCT00339,00097523581,CORPORATE,798,LPL,0000LPL001,10583,4519,LPLF,NSCC,AMCRAI,I,Y,29650.9376,368264.64
ACCT00340,00094136665,PENSION,798,RJ,0000RAJ001,57945,6340,RJFS,NSCC,AMCECF,I,Y,5177.4272,56175.09
ACCT00341,00099853588,INDIVIDUAL,701,ICAP,0000ICA001,93769,6134,ICAP,DIRECT,AMCPCI,W,N,43145.5637,441379.12
ACCT00342,00096905327,TRUST,705,SCHW,0000SCH001,70012,3826,SCHW,NSCC,AMCMSA,I,N,5800.1805,67688.11
ACCT00343,00093247270,PENSION,798,VSR,0000VSR001,51049,2931,VSRF,NSCC,AMCPCI,I,Y,29549.4014,302290.38
ACCT00344,00099570219,INDIVIDUAL,701,RJ,0000RAJ001,60916,7852,RJFS,NSCC,AMCRAI,A,N,34702.4834,431004.84
ACCT00345,00093906397,TRUST,705,MS,0000MOR001,82733,3733,MSSB,NSCC,AMCMSA,I,Y,9369.1096,109337.51
ACCT00346,00091899447,JOINT,702,RJ,0000RAJ001,57059,1157,RJFS,NSCC,AMCRAI,A,Y,42115.0622,523069.07
ACCT00347,00099304216,JOINT,702,MS,0000MOR001,63626,9056,MSSB,NSCC,AMCMSA,I,Y,25321.3572,295500.24
ACCT00348,00091517756,PENSION,798,VSR,0000VSR001,38905,5785,VSRF,NSCC,AMCMSA,I,Y,8445.949,98564.22
ACCT00349,00099309978,JOINT,702,RJ,0000RAJ001,82053,9369,RJFS,NSCC,AMCPCI,A,Y,39058.9359,399572.91
ACCT00350,00097154919,INDIVIDUAL,701,NPC,0000NPC001,81046,1681,NATL,NSCC,AMCPCI,I,N,41181.8121,421289.94
ACCT00351,00095152891,TRUST,705,ICAP,0000ICA001,49021,1528,ICAP,DIRECT,AMCRAI,I,Y,5210.5803,64715.41
ACCT00352,00092969410,IRA,703,RJ,0000RAJ001,41056,4438,RJFS,NSCC,AMCECF,I,N,43277.9945,469566.24
ACCT00353,00098183451,CORPORATE,798,NPC,0000NPC001,31755,3281,NATL,NSCC,AMCPCI,W,Y,30552.064,312547.61
ACCT00354,00095715824,JOINT,702,SII,0000SII001,88231,9827,SIII,NSCC,AMCECF,I,Y,17605.6924,191021.76
ACCT00355,00099630451,CORPORATE,798,FIDO,0000FID001,99037,2560,FMCO,NSCC,AMCPCI,A,Y,28679.5054,293391.34
ACCT00356,00093128830,PENSION,798,OSAIC,0000OSA001,27392,5090,OSAI,NSCC,AMCMSA,A,Y,49625.0627,579124.48
ACCT00357,00093385244,IRA,703,VSR,0000VSR001,85684,5402,VSRF,NSCC,AMCRAI,W,N,19695.7674,244621.43
ACCT00358,00092561871,ROTH_IRA,704,SCHW,0000SCH001,62802,9447,SCHW,NSCC,AMCMSA,A,N,31718.0254,370149.36
ACCT00359,00096491002,CORPORATE,798,RJ,0000RAJ001,86278,1040,RJFS,NSCC,AMCPCI,I,N,47517.6785,486105.85
ACCT00360,00097009980,CORPORATE,798,MER,0000MER001,18300,9756,MLCO,NSCC,AMCMSA,W,Y,33240.7767,387919.86
ACCT00361,00095757902,ROTH_IRA,704,UBS,0000UBS001,54270,9967,UBSW,NSCC,AMCRAI,I,N,13499.9882,167669.85
ACCT00362,00091812172,TRUST,705,MS,0000MOR001,16021,2631,MSSB,NSCC,AMCMSA,A,N,44718.3174,521862.76
ACCT00363,00093650523,PENSION,798,OSAIC,0000OSA001,67840,8479,OSAI,NSCC,AMCMSA,A,Y,6299.4352,73514.41
ACCT00364,00095597283,JOINT,702,SCHW,0000SCH001,22234,6905,SCHW,NSCC,AMCRAI,W,Y,15163.0887,188325.56
ACCT00365,00096125594,IRA,703,MER,0000MER001,40689,8032,MLCO,NSCC,AMCRAI,A,N,19877.4442,246877.86
ACCT00366,00092307594,CORPORATE,798,MER,0000MER001,27393,4705,MLCO,NSCC,AMCECF,A,N,10749.7167,116634.43
ACCT00367,00093023227,ROTH_IRA,704,CETA,0000CET001,65353,3165,CETA,NSCC,AMCECF,A,Y,34810.2957,377691.71
ACCT00368,00092718442,JOINT,702,MER,0000MER001,23526,6133,MLCO,NSCC,AMCMSA,A,Y,36565.0928,426714.63
ACCT00369,00093233823,IRA,703,CNTS,0000CNT001,94092,3340,CNTS,NSCC,AMCRAI,I,Y,38695.6781,480600.32
ACCT00370,00098383643,TRUST,705,CAIS,0000CAI001,56030,4490,CAIS,DIRECT,AMCECF,I,N,32536.0086,353015.69
ACCT00371,00094644760,JOINT,702,VSR,0000VSR001,21362,2646,VSRF,NSCC,AMCMSA,I,Y,34359.6519,400977.14
ACCT00372,00096276495,INDIVIDUAL,701,OSAIC,0000OSA001,28327,5059,OSAI,NSCC,AMCMSA,A,Y,48166.1107,562098.51
ACCT00373,00095780177,INDIVIDUAL,701,CETA,0000CET001,13515,5942,CETA,NSCC,AMCRAI,I,Y,30089.8532,373715.98
ACCT00374,00091915518,TRUST,705,CAIS,0000CAI001,41370,9108,CAIS,DIRECT,AMCRAI,W,Y,19648.3757,244032.83
ACCT00375,00099863176,JOINT,702,MER,0000MER001,11581,6916,MLCO,NSCC,AMCMSA,W,Y,29737.0954,347031.9
ACCT00376,00093898604,ROTH_IRA,704,MS,0000MOR001,71736,2195,MSSB,NSCC,AMCMSA,A,Y,27363.1754,319328.26
ACCT00377,00092014499,INDIVIDUAL,701,NPC,0000NPC001,62163,9300,NATL,NSCC,AMCECF,A,Y,10865.5726,117891.46
ACCT00378,00092382909,CORPORATE,798,CETA,0000CET001,93956,9791,CETA,NSCC,AMCMSA,I,N,35120.3509,409854.5
ACCT00379,00099578269,JOINT,702,NPC,0000NPC001,36633,3545,NATL,NSCC,AMCPCI,A,N,15564.3536,159223.34
ACCT00380,00095003671,ROTH_IRA,704,FIDO,0000FID001,17589,5005,FMCO,NSCC,AMCECF,A,Y,34963.9265,379358.6
ACCT00381,00091923227,ROTH_IRA,704,CNTS,0000CNT001,50539,3877,CNTS,NSCC,AMCECF,I,Y,30653.61,332591.67
ACCT00382,00099328426,CORPORATE,798,LPL,0000LPL001,55443,9568,LPLF,NSCC,AMCRAI,W,N,666.3951,8276.63
ACCT00383,00095509119,PENSION,798,OSAIC,0000OSA001,25473,1480,OSAI,NSCC,AMCPCI,A,Y,18656.2846,190853.79
ACCT00384,00092293020,ROTH_IRA,704,OSAIC,0000OSA001,75031,8457,OSAI,NSCC,AMCPCI,I,N,3287.2123,33628.18
ACCT00385,00093639223,INDIVIDUAL,701,FIDO,0000FID001,43438,2685,FMCO,NSCC,AMCMSA,I,N,8427.3815,98347.54
ACCT00386,00091043092,CORPORATE,798,CETA,0000CET001,15772,1201,CETA,NSCC,AMCECF,A,Y,37064.9201,402154.38
ACCT00387,00094002466,ROTH_IRA,704,LPL,0000LPL001,14635,7870,LPLF,NSCC,AMCPCI,I,Y,46019.3046,470777.49
ACCT00388,00092306728,JOINT,702,FIDO,0000FID001,84912,7108,FMCO,NSCC,AMCMSA,W,Y,16064.7634,187475.79
ACCT00389,00099653253,CORPORATE,798,CAIS,0000CAI001,16019,7568,CAIS,DIRECT,AMCECF,A,Y,11236.9345,121920.74
ACCT00390,00098662929,ROTH_IRA,704,CNTS,0000CNT001,11044,7044,CNTS,NSCC,AMCPCI,A,Y,16432.316,168102.59
ACCT00391,00098783398,TRUST,705,RJ,0000RAJ001,58270,9083,RJFS,NSCC,AMCPCI,W,Y,31173.6044,318905.97
ACCT00392,00097879264,TRUST,705,VSR,0000VSR001,13133,4817,VSRF,NSCC,AMCRAI,A,N,418.2563,5194.74
ACCT00393,00097312844,CORPORATE,798,FIDO,0000FID001,50306,2703,FMCO,NSCC,AMCECF,A,Y,172.9558,1876.57
ACCT00394,00093388630,JOINT,702,CAIS,0000CAI001,46677,2524,CAIS,DIRECT,AMCMSA,I,Y,48063.1345,560896.78
ACCT00395,00098691649,JOINT,702,CNTS,0000CNT001,21128,2565,CNTS,NSCC,AMCMSA,W,N,44789.3392,522691.59
ACCT00396,00092044933,CORPORATE,798,MS,0000MOR001,67014,3141,MSSB,NSCC,AMCMSA,A,Y,29635.5986,345847.44
ACCT00397,00096473593,IRA,703,RJ,0000RAJ001,51688,8417,RJFS,NSCC,AMCPCI,I,Y,35066.2078,358727.31
ACCT00398,00092828260,INDIVIDUAL,701,UBS,0000UBS001,30369,2731,UBSW,NSCC,AMCRAI,A,Y,39018.8554,484614.18
ACCT00399,00097011065,ROTH_IRA,704,ICAP,0000ICA001,37215,8404,ICAP,DIRECT,AMCPCI,I,Y,6124.7632,62656.33
ACCT00400,00096103880,IRA,703,ICAP,0000ICA001,89076,1660,ICAP,DIRECT,AMCECF,A,Y,7965.0073,86420.33
ACCT00401,00095164420,PENSION,798,SII,0000SII001,56627,7492,SIII,NSCC,AMCPCI,A,N,4651.5239,47585.09
ACCT00402,00093917016,CORPORATE,798,LPL,0000LPL001,14073,7625,LPLF,NSCC,AMCPCI,A,Y,41022.4718,419659.89
ACCT00403,00093345338,CORPORATE,798,CAIS,0000CAI001,25919,1195,CAIS,DIRECT,AMCRAI,A,Y,23155.9581,287597.0
ACCT00404,00097720647,PENSION,798,SII,0000SII001,58790,2376,SIII,NSCC,AMCRAI,A,N,9986.8385,124036.53
ACCT00405,00094317700,IRA,703,NPC,0000NPC001,94670,8265,NATL,NSCC,AMCECF,A,Y,49858.3552,540963.15
ACCT00406,00098734211,PENSION,798,MER,0000MER001,16637,3752,MLCO,NSCC,AMCPCI,A,N,2230.5463,22818.49
ACCT00407,00098158234,PENSION,798,SCHW,0000SCH001,32650,6799,SCHW,NSCC,AMCMSA,I,Y,1571.1664,18335.51
ACCT00408,00093493621,JOINT,702,CNTS,0000CNT001,14541,5026,CNTS,NSCC,AMCPCI,A,N,22355.9704,228701.58
ACCT00409,00092471723,ROTH_IRA,704,RJ,0000RAJ001,46670,7275,RJFS,NSCC,AMCMSA,I,Y,24003.6434,280122.52
ACCT00410,00091327658,JOINT,702,SCHW,0000SCH001,60134,6883,SCHW,NSCC,AMCRAI,W,Y,49704.9551,617335.54
ACCT00411,00099428760,PENSION,798,CAIS,0000CAI001,52153,7363,CAIS,DIRECT,AMCMSA,A,Y,45642.5831,532648.94
ACCT00412,00095713268,INDIVIDUAL,701,MS,0000MOR001,17679,8728,MSSB,NSCC,AMCPCI,I,N,11029.1074,112827.77
ACCT00413,00095045872,PENSION,798,FIDO,0000FID001,44934,9743,FMCO,NSCC,AMCRAI,A,N,5096.7034,63301.06
ACCT00414,00097516648,PENSION,798,LPL,0000LPL001,56504,3846,LPLF,NSCC,AMCRAI,I,Y,42340.604,525870.3
ACCT00415,00091473227,TRUST,705,UBS,0000UBS001,56095,3328,UBSW,NSCC,AMCPCI,W,N,34911.5655,357145.32
ACCT00416,00099228157,PENSION,798,UBS,0000UBS001,14975,2478,UBSW,NSCC,AMCMSA,I,Y,15521.7483,181138.8
ACCT00417,00091011467,TRUST,705,UBS,0000UBS001,53481,4300,UBSW,NSCC,AMCRAI,A,Y,26369.7809,327512.68
ACCT00418,00093478196,CORPORATE,798,FIDO,0000FID001,86888,3320,FMCO,NSCC,AMCRAI,A,Y,3071.8425,38152.28
ACCT00419,00097636992,TRUST,705,SII,0000SII001,86810,2655,SIII,NSCC,AMCPCI,A,Y,18742.1799,191732.5
ACCT00420,00098329435,IRA,703,RJ,0000RAJ001,93789,8982,RJFS,NSCC,AMCRAI,A,N,36644.3661,455123.03
ACCT00421,00093941912,JOINT,702,FIDO,0000FID001,59595,6026,FMCO,NSCC,AMCPCI,A,N,33310.0303,340761.61
ACCT00422,00097569981,IRA,703,VSR,0000VSR001,84381,1530,VSRF,NSCC,AMCRAI,A,Y,36468.6647,452940.82
ACCT00423,00099324603,IRA,703,NPC,0000NPC001,28434,6425,NATL,NSCC,AMCRAI,W,N,28320.9573,351746.29
ACCT00424,00092488575,JOINT,702,MER,0000MER001,97821,6500,MLCO,NSCC,AMCPCI,A,Y,8477.5821,86725.66
ACCT00425,00096880098,IRA,703,LPL,0000LPL001,43640,2770,LPLF,NSCC,AMCRAI,A,N,34689.4862,430843.42
ACCT00426,00093790695,INDIVIDUAL,701,LPL,0000LPL001,64266,9078,LPLF,NSCC,AMCMSA,I,Y,36655.9663,427775.13
ACCT00427,00094784650,TRUST,705,FIDO,0000FID001,31319,8393,FMCO,NSCC,AMCMSA,A,Y,41457.4682,483808.65
ACCT00428,00095380995,PENSION,798,OSAIC,0000OSA001,23726,2215,OSAI,NSCC,AMCECF,A,Y,1101.8921,11955.53
ACCT00429,00092562037,ROTH_IRA,704,MS,0000MOR001,54295,8909,MSSB,NSCC,AMCRAI,W,N,3842.6208,47725.35
ACCT00430,00093635764,ROTH_IRA,704,LPL,0000LPL001,17019,2659,LPLF,NSCC,AMCRAI,I,Y,44498.6882,552673.71
ACCT00431,00095450404,JOINT,702,UBS,0000UBS001,96585,5612,UBSW,NSCC,AMCMSA,W,Y,27750.2104,323844.96
ACCT00432,00099236745,INDIVIDUAL,701,UBS,0000UBS001,30131,1893,UBSW,NSCC,AMCECF,I,Y,28631.3134,310649.75
ACCT00433,00099058573,ROTH_IRA,704,LPL,0000LPL001,36171,2589,LPLF,NSCC,AMCECF,A,Y,41212.4756,447155.36
ACCT00434,00092937918,JOINT,702,UBS,0000UBS001,50416,7512,UBSW,NSCC,AMCPCI,A,Y,23731.1755,242769.93
ACCT00435,00097501626,CORPORATE,798,ICAP,0000ICA001,34232,7078,ICAP,DIRECT,AMCPCI,A,Y,32129.1325,328681.03
ACCT00436,00098802377,JOINT,702,FIDO,0000FID001,44524,4706,FMCO,NSCC,AMCMSA,A,Y,13238.4687,154492.93
ACCT00437,00092437930,INDIVIDUAL,701,NPC,0000NPC001,97574,6632,NATL,NSCC,AMCRAI,W,N,33406.6761,414910.92
ACCT00438,00097494562,PENSION,798,SCHW,0000SCH001,78495,7858,SCHW,NSCC,AMCRAI,I,N,3143.0889,39037.16
ACCT00439,00098990355,PENSION,798,CETA,0000CET001,49171,2293,CETA,NSCC,AMCMSA,I,Y,44094.5281,514583.14
ACCT00440,00099670757,PENSION,798,CNTS,0000CNT001,84905,3415,CNTS,NSCC,AMCECF,I,Y,28603.8748,310352.04
ACCT00441,00094233407,ROTH_IRA,704,OSAIC,0000OSA001,26539,1699,OSAI,NSCC,AMCRAI,A,Y,48611.0274,603748.96
ACCT00442,00093480985,CORPORATE,798,MER,0000MER001,87994,5225,MLCO,NSCC,AMCMSA,A,Y,49863.7344,581909.78
ACCT00443,00097666510,CORPORATE,798,CNTS,0000CNT001,82358,6343,CNTS,NSCC,AMCECF,A,Y,19466.1477,211207.7
ACCT00444,00099767135,ROTH_IRA,704,CAIS,0000CAI001,64997,2843,CAIS,DIRECT,AMCECF,W,Y,31190.5906,338417.91
ACCT00445,00092694338,JOINT,702,MS,0000MOR001,47498,9775,MSSB,NSCC,AMCECF,A,Y,28177.9196,305730.43
ACCT00446,00098936405,ROTH_IRA,704,CNTS,0000CNT001,14910,3821,CNTS,NSCC,AMCPCI,I,Y,32773.9048,335277.05
ACCT00447,00096561547,JOINT,702,SCHW,0000SCH001,41139,1807,SCHW,NSCC,AMCMSA,A,N,19850.0579,231650.18
ACCT00448,00096084418,IRA,703,ICAP,0000ICA001,50756,5593,ICAP,DIRECT,AMCPCI,A,Y,16959.5175,173495.86
ACCT00449,00098434162,CORPORATE,798,SII,0000SII001,52056,5414,SIII,NSCC,AMCECF,A,N,6805.8375,73843.34
ACCT00450,00097831185,TRUST,705,SCHW,0000SCH001,73499,9462,SCHW,NSCC,AMCECF,A,Y,22141.6582,240236.99
ACCT00451,00099502613,INDIVIDUAL,701,SII,0000SII001,62872,3222,SIII,NSCC,AMCRAI,A,N,15625.0424,194063.03
ACCT00452,00094367636,TRUST,705,CNTS,0000CNT001,17553,5087,CNTS,NSCC,AMCECF,A,Y,9718.896,105450.02
ACCT00453,00097179919,INDIVIDUAL,701,ICAP,0000ICA001,70846,9275,ICAP,DIRECT,AMCPCI,W,Y,10035.5776,102663.96
ACCT00454,00098484373,INDIVIDUAL,701,CETA,0000CET001,33276,8775,CETA,NSCC,AMCECF,A,N,18686.0914,202744.09
ACCT00455,00095339593,IRA,703,CAIS,0000CAI001,21847,5670,CAIS,DIRECT,AMCPCI,A,Y,41898.9231,428625.98
ACCT00456,00094595669,INDIVIDUAL,701,SCHW,0000SCH001,39012,4688,SCHW,NSCC,AMCRAI,I,N,39013.5237,484547.96
ACCT00457,00091149283,IRA,703,UBS,0000UBS001,72140,3167,UBSW,NSCC,AMCMSA,I,N,1100.6126,12844.15
ACCT00458,00096124763,TRUST,705,MS,0000MOR001,94245,5511,MSSB,NSCC,AMCECF,A,Y,12694.283,137732.97
ACCT00459,00098829893,ROTH_IRA,704,CNTS,0000CNT001,49602,9530,CNTS,NSCC,AMCPCI,I,N,12674.7356,129662.55
ACCT00460,00097278533,TRUST,705,SCHW,0000SCH001,83591,5631,SCHW,NSCC,AMCECF,A,Y,25624.5345,278026.2
ACCT00461,00095638619,INDIVIDUAL,701,CETA,0000CET001,93964,6327,CETA,NSCC,AMCMSA,A,Y,16880.5543,196996.07
ACCT00462,00095031599,CORPORATE,798,RJ,0000RAJ001,17441,7620,RJFS,NSCC,AMCPCI,A,N,7581.4719,77558.46
ACCT00463,00099344531,CORPORATE,798,FIDO,0000FID001,48745,5250,FMCO,NSCC,AMCRAI,W,Y,1370.218,17018.11
ACCT00464,00094186247,ROTH_IRA,704,SCHW,0000SCH001,54979,4643,SCHW,NSCC,AMCECF,I,N,35432.6411,384444.16
ACCT00465,00096036433,CORPORATE,798,CAIS,0000CAI001,32280,3967,CAIS,DIRECT,AMCMSA,W,Y,17989.0069,209931.71
ACCT00466,00094071377,ROTH_IRA,704,MER,0000MER001,99091,6499,MLCO,NSCC,AMCRAI,W,N,13006.7273,161543.55
ACCT00467,00096152035,JOINT,702,MER,0000MER001,65112,6428,MLCO,NSCC,AMCPCI,A,Y,37236.0755,380925.05
ACCT00468,00098894293,TRUST,705,RJ,0000RAJ001,17035,2166,RJFS,NSCC,AMCPCI,I,Y,42575.573,435548.11
ACCT00469,00096005578,JOINT,702,CNTS,0000CNT001,64146,1885,CNTS,NSCC,AMCECF,W,Y,19145.2941,207726.44
ACCT00470,00098676774,JOINT,702,MS,0000MOR001,28772,6183,MSSB,NSCC,AMCPCI,I,N,49360.8608,504961.61
ACCT00471,00093966618,PENSION,798,MS,0000MOR001,51079,1950,MSSB,NSCC,AMCECF,I,Y,16698.2094,181175.57
ACCT00472,00093658100,IRA,703,ICAP,0000ICA001,74169,2442,ICAP,DIRECT,AMCRAI,A,Y,28856.3179,358395.47
ACCT00473,00099009447,ROTH_IRA,704,NPC,0000NPC001,60242,1076,NATL,NSCC,AMCMSA,I,Y,21508.3699,251002.68
ACCT00474,00099909268,JOINT,702,CAIS,0000CAI001,34979,1293,CAIS,DIRECT,AMCPCI,A,N,44611.119,456371.75
ACCT00475,00096777230,CORPORATE,798,LPL,0000LPL001,50906,3112,LPLF,NSCC,AMCRAI,A,Y,34706.8849,431059.51
ACCT00476,00091767026,TRUST,705,SCHW,0000SCH001,49085,5764,SCHW,NSCC,AMCPCI,A,Y,3357.8224,34350.52
ACCT00477,00093244614,TRUST,705,VSR,0000VSR001,54922,9031,VSRF,NSCC,AMCPCI,I,Y,44409.9048,454313.33
ACCT00478,00094763487,JOINT,702,OSAIC,0000OSA001,27197,4460,OSAI,NSCC,AMCRAI,I,N,1054.3242,13094.71
ACCT00479,00091626854,TRUST,705,LPL,0000LPL001,59177,5190,LPLF,NSCC,AMCRAI,A,N,18392.9134,228439.98
ACCT00480,00091331211,INDIVIDUAL,701,NPC,0000NPC001,16322,2897,NATL,NSCC,AMCECF,W,Y,5494.8612,59619.24
ACCT00481,00093569046,ROTH_IRA,704,ICAP,0000ICA001,36934,1152,ICAP,DIRECT,AMCECF,I,Y,12711.6408,137921.3
ACCT00482,00093301222,CORPORATE,798,SCHW,0000SCH001,64896,2718,SCHW,NSCC,AMCECF,W,N,26063.4308,282788.22
ACCT00483,00092782809,TRUST,705,VSR,0000VSR001,75239,4254,VSRF,NSCC,AMCECF,A,N,5789.2264,62813.11
ACCT00484,00097004931,PENSION,798,UBS,0000UBS001,63707,5839,UBSW,NSCC,AMCPCI,I,Y,48658.6741,497778.24
ACCT00485,00099064202,TRUST,705,LPL,0000LPL001,53332,4842,LPLF,NSCC,AMCMSA,A,Y,34441.3754,401930.85
ACCT00486,00099289690,CORPORATE,798,LPL,0000LPL001,29548,2475,LPLF,NSCC,AMCECF,A,N,41778.085,453292.22
ACCT00487,00098663014,CORPORATE,798,MER,0000MER001,48800,5327,MLCO,NSCC,AMCECF,A,Y,32252.4059,349938.6
ACCT00488,00097043399,INDIVIDUAL,701,LPL,0000LPL001,98705,6123,LPLF,NSCC,AMCRAI,A,Y,42627.2094,529429.94
ACCT00489,00093321873,INDIVIDUAL,701,VSR,0000VSR001,96947,3793,VSRF,NSCC,AMCECF,A,Y,582.6492,6321.74
ACCT00490,00096749933,ROTH_IRA,704,FIDO,0000FID001,33969,2865,FMCO,NSCC,AMCPCI,W,Y,4738.2706,48472.51
ACCT00491,00099023619,ROTH_IRA,704,SCHW,0000SCH001,65278,3732,SCHW,NSCC,AMCPCI,I,Y,34526.1313,353202.32
ACCT00492,00099097940,CORPORATE,798,MS,0000MOR001,84572,8178,MSSB,NSCC,AMCECF,A,Y,5275.284,57236.83
ACCT00493,00093192032,ROTH_IRA,704,NPC,0000NPC001,73318,8997,NATL,NSCC,AMCPCI,I,Y,1537.9299,15733.02
ACCT00494,00096272037,ROTH_IRA,704,CNTS,0000CNT001,11620,9598,CNTS,NSCC,AMCMSA,A,N,3260.4687,38049.67
ACCT00495,00099709047,CORPORATE,798,NPC,0000NPC001,78564,2560,NATL,NSCC,AMCRAI,W,Y,43669.8638,542379.71
ACCT00496,00097457158,CORPORATE,798,CETA,0000CET001,29484,1894,CETA,NSCC,AMCRAI,I,Y,17352.8994,215523.01
ACCT00497,00092256030,JOINT,702,CETA,0000CET001,74441,6253,CETA,NSCC,AMCMSA,I,Y,43483.8402,507456.42
ACCT00498,00097352484,IRA,703,FIDO,0000FID001,62858,4850,FMCO,NSCC,AMCECF,I,Y,11213.0555,121661.65
ACCT00499,00098500558,ROTH_IRA,704,ICAP,0000ICA001,51426,2944,ICAP,DIRECT,AMCMSA,A,Y,42843.8023,499987.17
ACCT00500,00091601160,CORPORATE,798,VSR,0000VSR001,83024,9996,VSRF,NSCC,AMCECF,A,Y,20231.639,219513.28
