rep_id,rep_crd,broker_id,firm_id,office_id,rep_first_name,rep_last_name,rep_email,rep_phone,designation,specialty,years_experience,aum_approx_usd,alt_inv_certified,active,hire_date
1006,1141240,SCHW,0000SCH001,81819,Charles,Harris,charles.harris@415-667-7000,212-890-4452,,Private Equity,13,250000000,Y,Y,2011-10-28
1040,4978534,RJ,0000RAJ001,86278,William,Garcia,william.garcia@firm.com,475-682-6621,,Wealth Management,20,25000000,N,Y,2013-04-14
1043,8561977,CETA,0000CET001,30517,Barbara,Thomas,barbara.thomas@800-245-0467,384-785-3148,"CPWA,CFP",Retirement Planning,15,25000000,Y,Y,2008-04-18
1076,3509000,NPC,0000NPC001,60242,Susan,Jackson,susan.jackson@602-224-2000,684-209-3893,,Private Wealth,9,15000000,Y,Y,2020-09-18
1086,1800429,CNTS,0000CNT001,68799,Richard,Martin,richard.martin@800-237-0081,607-301-3676,CFP,Retirement Planning,12,25000000,Y,Y,2015-11-04
1132,7044941,NPC,0000NPC001,45976,Thomas,Anderson,thomas.anderson@602-224-2000,773-770-5222,,Alternative Investments,11,30000000,N,Y,2003-06-28
1152,3928275,ICAP,0000ICA001,36934,Nancy,Miller,nancy.miller@212-994-7400,999-491-6818,,Multi-Asset,21,150000000,N,Y,2014-02-13
1157,3430151,RJ,0000RAJ001,57059,Nancy,Taylor,nancy.taylor@firm.com,371-855-6527,,Institutional Sales,17,200000000,Y,Y,2002-03-11
1166,5888148,FIDO,0000FID001,82848,Jennifer,Anderson,jennifer.anderson@800-343-3548,927-473-7479,"CFP,CIMA",Private Wealth,13,200000000,Y,Y,2018-09-15
1187,3097821,RJ,0000RAJ001,49576,Susan,Garcia,susan.garcia@firm.com,945-440-5122,CIMA,Retirement Planning,8,5000000,Y,Y,2012-02-04
1188,1442329,MER,0000MER001,42953,Michael,Martin,michael.martin@212-449-1000,989-606-9584,CIMA,Private Equity,20,5000000,Y,Y,2019-03-03
1195,5767670,CAIS,0000CAI001,25919,Joseph,Taylor,joseph.taylor@212-300-9350,653-841-3071,CPWA,Multi-Asset,10,20000000,Y,Y,2000-01-22
1201,5570355,CETA,0000CET001,15772,Barbara,Anderson,barbara.anderson@800-245-0467,761-655-3213,"CFP,CFA",Wealth Management,18,75000000,N,Y,2020-12-21
1202,9955411,FIDO,0000FID001,60493,Christopher,White,christopher.white@800-343-3548,517-555-8891,"CFP,CFA",Retirement Planning,19,200000000,Y,Y,2014-05-12
1251,1177097,VSR,0000VSR001,49739,Susan,Wilson,susan.wilson@918-663-1414,200-735-3233,,Ultra High Net Worth,7,25000000,N,Y,2017-01-23
1293,8221506,CAIS,0000CAI001,34979,Jessica,Martin,jessica.martin@212-300-9350,499-811-4788,CFP,Multi-Asset,12,5000000,Y,Y,2006-07-18
1307,7538471,VSR,0000VSR001,67176,Susan,Jackson,susan.jackson@918-663-1414,587-425-5308,CIMA,Institutional Sales,10,15000000,Y,Y,2016-10-26
1370,9924543,VSR,0000VSR001,25084,William,Taylor,william.taylor@918-663-1414,475-622-4080,CIMA,Wealth Management,23,250000000,Y,Y,2009-02-21
1372,9254323,MS,0000MOR001,10455,Thomas,Lewis,thomas.lewis@212-761-4000,392-528-1317,CPWA,Alternative Investments,17,25000000,Y,Y,2005-02-10
1422,1137641,LPL,0000LPL001,24408,William,Jones,william.jones@858-450-9606,438-292-3468,CFP,Private Wealth,25,75000000,Y,Y,2010-07-10
1430,1532460,MS,0000MOR001,23538,Jessica,Thomas,jessica.thomas@212-761-4000,538-282-3393,CFP,Ultra High Net Worth,17,250000000,N,Y,2002-09-16
1472,1211652,UBS,0000UBS001,25915,Lisa,Miller,lisa.miller@212-713-2000,324-986-5078,,Private Wealth,11,50000000,Y,Y,2001-04-15
1480,8932696,OSAIC,0000OSA001,25473,Patricia,Thompson,patricia.thompson@770-980-4400,598-897-6113,,Wealth Management,24,20000000,Y,Y,2017-09-04
1496,4334029,MER,0000MER001,91016,William,Martin,william.martin@212-449-1000,569-253-4568,CIMA,Retirement Planning,23,25000000,N,Y,2010-01-06
1502,5078362,MS,0000MOR001,28595,William,Robinson,william.robinson@212-761-4000,209-243-8786,"CPWA,CFP",Wealth Management,6,50000000,Y,Y,2002-04-06
1519,6677780,ICAP,0000ICA001,95686,Jessica,Williams,jessica.williams@212-994-7400,977-840-1983,CFP,Family Office Services,24,150000000,Y,Y,2017-02-05
1525,6827024,SCHW,0000SCH001,40021,Jessica,Davis,jessica.davis@415-667-7000,649-950-4161,CFP,Institutional Sales,13,100000000,Y,Y,2004-05-02
1528,9222379,ICAP,0000ICA001,49021,Jessica,Harris,jessica.harris@212-994-7400,394-780-4057,"CFP,CFA",Family Office Services,20,25000000,Y,Y,2014-05-28
1530,9911007,VSR,0000VSR001,84381,Nancy,Young,nancy.young@918-663-1414,358-660-5844,"CFP,CIMA",Multi-Asset,8,10000000,Y,Y,2014-01-25
1554,1314067,CAIS,0000CAI001,78674,Charles,Jackson,charles.jackson@212-300-9350,834-572-4912,,Private Equity,26,15000000,N,Y,2006-09-22
1590,5750117,VSR,0000VSR001,81511,Jessica,Young,jessica.young@918-663-1414,530-619-6276,CIMA,Private Equity,7,150000000,Y,Y,2001-03-06
1606,4214793,ICAP,0000ICA001,74923,Sarah,Miller,sarah.miller@212-994-7400,301-232-7366,,Multi-Asset,6,75000000,Y,Y,2001-06-08
1627,9244416,LPL,0000LPL001,28035,Nancy,Williams,nancy.williams@858-450-9606,281-679-1994,,Multi-Asset,3,20000000,N,Y,2011-12-02
1651,2180916,MER,0000MER001,85880,Nancy,Wilson,nancy.wilson@212-449-1000,511-279-4537,"CFP,CFA",Private Equity,19,5000000,Y,Y,2007-09-13
1653,5173551,NPC,0000NPC001,57795,Robert,Miller,robert.miller@602-224-2000,783-840-3931,"CFP,CFA",Multi-Asset,19,200000000,N,Y,2003-11-19
1659,8165129,LPL,0000LPL001,95426,Barbara,Harris,barbara.harris@858-450-9606,306-370-3955,"CFP,CFA",Institutional Sales,25,200000000,Y,Y,2021-03-18
1660,6446792,ICAP,0000ICA001,89076,Nancy,Harris,nancy.harris@212-994-7400,580-622-8054,,Retirement Planning,14,30000000,Y,Y,2012-09-24
1672,7662074,CETA,0000CET001,70648,William,Thomas,william.thomas@800-245-0467,200-943-1567,"CFP,CIMA",Alternative Investments,17,75000000,Y,Y,2009-01-10
1674,5629792,MS,0000MOR001,83874,Jennifer,Miller,jennifer.miller@212-761-4000,766-723-3534,CIMA,Alternative Investments,13,5000000,N,Y,2011-03-05
1681,4908993,NPC,0000NPC001,81046,William,Thomas,william.thomas@602-224-2000,462-507-2505,"CPWA,CFP",Institutional Sales,21,20000000,Y,Y,2002-12-11
1697,2599943,SII,0000SII001,79226,Jessica,Garcia,jessica.garcia@314-342-2000,809-857-5921,CFP,Institutional Sales,18,250000000,Y,Y,2001-06-12
1699,4803691,OSAIC,0000OSA001,26539,Susan,White,susan.white@770-980-4400,965-868-1187,,Alternative Investments,6,300000000,Y,Y,2016-01-11
1797,9428900,OSAIC,0000OSA001,68515,Karen,Robinson,karen.robinson@770-980-4400,914-426-3509,CFP,Institutional Sales,7,30000000,N,Y,2019-10-17
1807,7615632,SCHW,0000SCH001,41139,Michael,Davis,michael.davis@415-667-7000,351-335-6507,CIMA,Private Wealth,16,25000000,Y,Y,2017-07-09
1841,3187332,SII,0000SII001,34164,Michael,Jackson,michael.jackson@314-342-2000,980-338-8879,"CFP,CFA",Retirement Planning,19,50000000,N,Y,2012-11-19
1858,9795418,LPL,0000LPL001,44782,Robert,Young,robert.young@858-450-9606,452-448-2173,"CFP,CIMA",Institutional Sales,22,250000000,Y,Y,2021-10-03
1878,6843636,SII,0000SII001,85631,Patricia,White,patricia.white@314-342-2000,395-528-6644,"CPWA,CFP",Alternative Investments,16,30000000,Y,Y,2005-06-20
1885,1752920,CNTS,0000CNT001,64146,Thomas,Lewis,thomas.lewis@800-237-0081,439-404-7124,CPWA,Private Equity,7,75000000,Y,Y,2001-04-20
1893,2866934,UBS,0000UBS001,30131,David,Taylor,david.taylor@212-713-2000,512-660-8719,CFP,Family Office Services,3,30000000,Y,Y,2017-04-07
1894,9103837,CETA,0000CET001,29484,Karen,Thompson,karen.thompson@800-245-0467,837-947-3315,CFP,Institutional Sales,27,25000000,Y,Y,2008-03-02
1920,5551347,ICAP,0000ICA001,87518,Mary,Miller,mary.miller@212-994-7400,254-676-1136,CIMA,Institutional Sales,28,250000000,Y,Y,2021-11-12
1945,7484783,OSAIC,0000OSA001,83912,Patricia,Smith,patricia.smith@770-980-4400,436-589-9331,CIMA,Family Office Services,12,200000000,N,Y,2019-09-03
1950,1360516,MS,0000MOR001,51079,Lisa,Miller,lisa.miller@212-761-4000,240-453-9673,"CFP,CIMA",Family Office Services,19,75000000,N,Y,2012-12-06
2013,6962255,CNTS,0000CNT001,29773,James,Thomas,james.thomas@800-237-0081,840-509-4869,"CFP,CFA",Ultra High Net Worth,24,30000000,Y,Y,2020-05-13
2122,3545240,CNTS,0000CNT001,34356,James,Young,james.young@800-237-0081,549-602-3248,CIMA,Institutional Sales,11,20000000,Y,Y,2013-04-19
2160,6524481,MER,0000MER001,53309,David,White,david.white@212-449-1000,659-755-3158,CFA,Wealth Management,12,150000000,Y,Y,2004-05-23
2166,3435253,RJ,0000RAJ001,17035,Charles,Jones,charles.jones@firm.com,871-778-3589,,Private Equity,16,300000000,Y,Y,2005-06-27
2193,7946441,OSAIC,0000OSA001,90120,David,Smith,david.smith@770-980-4400,621-510-8258,"CFP,CIMA",Wealth Management,27,30000000,Y,Y,2003-03-06
2195,4874049,MS,0000MOR001,71736,James,Lewis,james.lewis@212-761-4000,810-437-4783,CFP,Family Office Services,22,25000000,Y,Y,2015-03-17
2204,7273997,MS,0000MOR001,42302,Nancy,Martin,nancy.martin@212-761-4000,388-596-9051,,Wealth Management,25,200000000,Y,Y,2006-04-02
2215,4733840,OSAIC,0000OSA001,23726,Susan,Smith,susan.smith@770-980-4400,960-887-4323,CFA,Private Equity,11,50000000,Y,Y,2014-10-16
2292,7792537,CNTS,0000CNT001,47230,Richard,Harris,richard.harris@800-237-0081,994-242-7232,,Institutional Sales,10,50000000,Y,Y,2016-02-15
2293,7637254,CETA,0000CET001,49171,Thomas,Johnson,thomas.johnson@800-245-0467,952-240-7347,"CFP,CFA",Alternative Investments,10,100000000,Y,Y,2009-08-13
2335,8087739,CETA,0000CET001,53694,Mary,Taylor,mary.taylor@800-245-0467,501-827-1893,"CFP,CFA",Wealth Management,17,15000000,N,Y,2020-08-03
2336,3270069,VSR,0000VSR001,98338,Charles,Brown,charles.brown@918-663-1414,602-623-6299,,Alternative Investments,8,300000000,Y,Y,2014-10-23
2341,6437072,FIDO,0000FID001,43065,Robert,Harris,robert.harris@800-343-3548,908-864-3686,CIMA,Private Equity,5,25000000,Y,Y,2014-11-12
2354,9584338,SCHW,0000SCH001,32463,Michael,Thompson,michael.thompson@415-667-7000,826-363-7204,"CFP,CFA",Institutional Sales,25,50000000,Y,Y,2005-06-19
2376,1860847,SII,0000SII001,58790,David,Garcia,david.garcia@314-342-2000,629-515-6071,,Ultra High Net Worth,7,15000000,Y,Y,2003-03-07
2388,1204812,CETA,0000CET001,26901,James,Lewis,james.lewis@800-245-0467,669-709-9169,"CFP,CFA",Alternative Investments,27,25000000,N,Y,2007-04-19
2392,2332193,CAIS,0000CAI001,80373,Jessica,Harris,jessica.harris@212-300-9350,815-814-1107,CFA,Multi-Asset,16,75000000,Y,Y,2019-11-18
2402,1923819,LPL,0000LPL001,97080,Robert,Johnson,robert.johnson@858-450-9606,868-557-1601,CPWA,Alternative Investments,8,15000000,Y,Y,2010-02-02
2442,5771113,ICAP,0000ICA001,74169,Patricia,White,patricia.white@212-994-7400,825-876-3906,,Family Office Services,8,15000000,Y,Y,2002-05-11
2443,8169304,MER,0000MER001,57428,Barbara,Jackson,barbara.jackson@212-449-1000,763-266-5797,,Wealth Management,5,300000000,Y,Y,2008-06-17
2475,4507293,LPL,0000LPL001,29548,Susan,Thompson,susan.thompson@858-450-9606,826-259-2790,"CPWA,CFP",Multi-Asset,9,250000000,Y,Y,2015-12-23
2476,6309796,CETA,0000CET001,27224,Nancy,Taylor,nancy.taylor@800-245-0467,465-738-6797,CPWA,Private Wealth,16,150000000,N,Y,2015-03-20
2478,2983186,UBS,0000UBS001,14975,Jennifer,Taylor,jennifer.taylor@212-713-2000,224-676-2932,CFA,Institutional Sales,9,5000000,N,Y,2001-06-12
2524,4375360,CAIS,0000CAI001,46677,Karen,Miller,karen.miller@212-300-9350,906-488-5168,CIMA,Ultra High Net Worth,3,200000000,Y,Y,2016-09-11
2548,6727097,CETA,0000CET001,53213,James,Brown,james.brown@800-245-0467,605-941-1477,CPWA,Retirement Planning,24,30000000,Y,Y,2010-11-16
2560,9078154,NPC,0000NPC001,78564,Jessica,Johnson,jessica.johnson@602-224-2000,359-842-8546,"CFP,CFA",Family Office Services,23,15000000,N,Y,2013-12-02
2565,6293259,CNTS,0000CNT001,21128,Charles,Taylor,charles.taylor@800-237-0081,768-748-1306,CFA,Family Office Services,21,250000000,Y,Y,2002-03-09
2582,9963616,CNTS,0000CNT001,66606,James,Anderson,james.anderson@800-237-0081,369-784-7382,CPWA,Private Equity,15,200000000,Y,Y,2010-12-02
2584,4986975,SCHW,0000SCH001,26864,William,White,william.white@415-667-7000,580-662-5958,CFA,Multi-Asset,5,75000000,Y,Y,2005-02-12
2589,9489182,LPL,0000LPL001,36171,Sarah,Miller,sarah.miller@858-450-9606,225-694-9192,CPWA,Retirement Planning,5,75000000,Y,Y,2015-12-28
2591,3404091,CETA,0000CET001,92345,Charles,Taylor,charles.taylor@800-245-0467,987-300-9456,CPWA,Retirement Planning,27,30000000,Y,Y,2014-07-23
2599,1738700,RJ,0000RAJ001,72411,Charles,Brown,charles.brown@firm.com,903-808-2426,,Private Wealth,3,25000000,Y,Y,2003-09-25
2631,6236888,MS,0000MOR001,16021,Mary,Smith,mary.smith@212-761-4000,854-414-6257,CFA,Retirement Planning,21,300000000,Y,Y,2008-09-11
2646,3642344,VSR,0000VSR001,21362,Thomas,Brown,thomas.brown@918-663-1414,480-317-1249,"CPWA,CFP",Multi-Asset,11,15000000,Y,Y,2006-09-12
2655,5752443,SII,0000SII001,86810,Karen,Anderson,karen.anderson@314-342-2000,787-450-3806,CIMA,Ultra High Net Worth,11,15000000,Y,Y,2017-08-02
2659,1846511,LPL,0000LPL001,17019,David,Smith,david.smith@858-450-9606,308-592-1881,CIMA,Institutional Sales,18,200000000,N,Y,2005-12-20
2679,6241884,CETA,0000CET001,28289,Christopher,Harris,christopher.harris@800-245-0467,540-402-9740,CIMA,Private Wealth,22,30000000,Y,Y,2002-12-15
2684,8808058,CAIS,0000CAI001,40968,Patricia,Harris,patricia.harris@212-300-9350,681-437-4666,CPWA,Ultra High Net Worth,12,200000000,Y,Y,2012-03-23
2685,1507747,FIDO,0000FID001,43438,Richard,Anderson,richard.anderson@800-343-3548,266-686-2849,,Private Wealth,17,75000000,N,Y,2005-05-25
2698,9521981,RJ,0000RAJ001,41604,Barbara,Lewis,barbara.lewis@firm.com,305-615-2752,,Multi-Asset,21,15000000,Y,Y,2009-09-15
2703,5088457,FIDO,0000FID001,50306,Joseph,Robinson,joseph.robinson@800-343-3548,761-362-8903,,Private Equity,16,20000000,Y,Y,2006-12-19
2718,6741177,SCHW,0000SCH001,64896,Susan,White,susan.white@415-667-7000,757-910-4869,CPWA,Private Equity,21,300000000,N,Y,2003-10-20
2731,8469488,UBS,0000UBS001,30369,Thomas,Anderson,thomas.anderson@212-713-2000,380-515-7648,CIMA,Private Equity,20,10000000,N,Y,2010-08-21
2770,1003092,LPL,0000LPL001,43640,Sarah,Williams,sarah.williams@858-450-9606,975-350-3444,,Multi-Asset,9,15000000,Y,Y,2012-10-19
2776,6311628,LPL,0000LPL001,15014,Thomas,Miller,thomas.miller@858-450-9606,506-783-5989,,Family Office Services,9,200000000,Y,Y,2018-01-20
2789,2047075,ICAP,0000ICA001,27992,Charles,Jackson,charles.jackson@212-994-7400,578-762-1870,CFP,Multi-Asset,7,25000000,Y,Y,2003-05-28
2800,7614724,CAIS,0000CAI001,14138,James,Davis,james.davis@212-300-9350,840-525-7271,,Institutional Sales,16,250000000,N,Y,2017-04-22
2816,7452434,UBS,0000UBS001,18232,Lisa,Martin,lisa.martin@212-713-2000,568-627-3527,"CFP,CIMA",Wealth Management,7,20000000,Y,Y,2000-02-21
2821,8327199,LPL,0000LPL001,65476,James,Jones,james.jones@858-450-9606,339-286-3248,,Private Wealth,26,75000000,N,Y,2019-03-15
2843,7454441,CAIS,0000CAI001,64997,Charles,White,charles.white@212-300-9350,563-431-4044,,Alternative Investments,20,75000000,N,Y,2007-12-17
2865,7156735,FIDO,0000FID001,33969,William,White,william.white@800-343-3548,234-238-8917,,Private Equity,20,150000000,N,Y,2002-03-24
2868,2312558,VSR,0000VSR001,76910,Charles,Wilson,charles.wilson@918-663-1414,735-824-2449,CFA,Private Wealth,17,100000000,Y,Y,2021-11-18
2874,6763748,FIDO,0000FID001,22999,Christopher,Taylor,christopher.taylor@800-343-3548,747-997-1176,,Private Wealth,22,5000000,N,Y,2018-12-11
2880,5852112,CETA,0000CET001,65723,Susan,Thomas,susan.thomas@800-245-0467,371-236-5981,"CPWA,CFP",Ultra High Net Worth,28,25000000,Y,Y,2020-08-19
2886,5894806,SII,0000SII001,54396,Lisa,Robinson,lisa.robinson@314-342-2000,955-839-1447,"CFP,CIMA",Private Wealth,4,200000000,Y,Y,2004-09-03
2891,5713926,CETA,0000CET001,44664,William,Wilson,william.wilson@800-245-0467,481-463-1232,CIMA,Wealth Management,7,150000000,Y,Y,2021-08-12
2897,4962709,NPC,0000NPC001,16322,Lisa,Wilson,lisa.wilson@602-224-2000,696-385-9640,CFP,Family Office Services,28,250000000,Y,Y,2004-10-27
2931,7428475,VSR,0000VSR001,51049,David,Martin,david.martin@918-663-1414,443-876-8211,CPWA,Retirement Planning,27,50000000,Y,Y,2001-11-09
2944,7689827,ICAP,0000ICA001,51426,Patricia,Johnson,patricia.johnson@212-994-7400,687-508-8803,"CFP,CFA",Retirement Planning,8,75000000,N,Y,2021-12-13
2983,8293631,NPC,0000NPC001,99687,Jessica,Wilson,jessica.wilson@602-224-2000,212-495-8353,,Family Office Services,7,100000000,Y,Y,2003-09-21
3002,5573311,VSR,0000VSR001,97819,Barbara,White,barbara.white@918-663-1414,543-476-5375,CIMA,Ultra High Net Worth,22,200000000,N,Y,2014-11-24
3060,9723352,UBS,0000UBS001,79822,Jennifer,Robinson,jennifer.robinson@212-713-2000,545-893-3947,,Multi-Asset,27,20000000,Y,Y,2021-01-27
3068,9812472,CETA,0000CET001,14561,Michael,Smith,michael.smith@800-245-0467,306-901-8306,,Retirement Planning,16,10000000,Y,Y,2008-04-02
3112,4637715,LPL,0000LPL001,50906,James,Lewis,james.lewis@858-450-9606,813-853-2995,CIMA,Private Equity,5,5000000,Y,Y,2012-11-25
3141,4091420,MS,0000MOR001,67014,Christopher,Garcia,christopher.garcia@212-761-4000,459-501-8650,CIMA,Private Wealth,6,250000000,Y,Y,2013-12-22
3142,2241464,NPC,0000NPC001,62260,Richard,Wilson,richard.wilson@602-224-2000,483-995-2022,,Institutional Sales,8,300000000,Y,Y,2001-05-27
3165,9249722,CETA,0000CET001,65353,William,Garcia,william.garcia@800-245-0467,405-824-7432,CPWA,Private Wealth,17,10000000,Y,Y,2004-09-25
3167,2782574,UBS,0000UBS001,72140,Susan,Miller,susan.miller@212-713-2000,652-932-5243,CIMA,Alternative Investments,22,200000000,Y,Y,2002-10-24
3170,3497360,MER,0000MER001,23399,William,Harris,william.harris@212-449-1000,868-855-1014,CFP,Institutional Sales,3,75000000,Y,Y,2004-12-11
3219,9232235,VSR,0000VSR001,24021,Joseph,Robinson,joseph.robinson@918-663-1414,689-646-7617,CIMA,Multi-Asset,3,100000000,Y,Y,2000-07-23
3222,7021650,SII,0000SII001,62872,Jessica,Brown,jessica.brown@314-342-2000,541-898-5961,,Alternative Investments,21,100000000,Y,Y,2011-09-28
3281,5864699,NPC,0000NPC001,31755,Richard,Williams,richard.williams@602-224-2000,863-407-3893,"CFP,CFA",Alternative Investments,17,300000000,N,Y,2021-04-10
3293,7027401,CETA,0000CET001,32185,Joseph,Brown,joseph.brown@800-245-0467,698-286-8175,CFA,Wealth Management,23,250000000,Y,Y,2006-01-24
3295,2056840,VSR,0000VSR001,17398,Christopher,Davis,christopher.davis@918-663-1414,753-858-6041,,Multi-Asset,18,50000000,N,Y,2000-01-11
3320,1718308,FIDO,0000FID001,86888,Sarah,Anderson,sarah.anderson@800-343-3548,615-321-4468,"CFP,CFA",Private Wealth,28,250000000,Y,Y,2018-04-03
3321,1319824,FIDO,0000FID001,25213,Sarah,Jones,sarah.jones@800-343-3548,682-833-1750,CFA,Wealth Management,18,200000000,Y,Y,2005-11-02
3328,3863692,UBS,0000UBS001,56095,Mary,Brown,mary.brown@212-713-2000,805-265-2742,CIMA,Private Wealth,17,150000000,Y,Y,2002-04-14
3340,3304005,CNTS,0000CNT001,94092,Richard,Jackson,richard.jackson@800-237-0081,529-418-1746,"CPWA,CFP",Wealth Management,13,10000000,Y,Y,2002-02-09
3344,7206350,NPC,0000NPC001,86435,David,White,david.white@602-224-2000,766-368-8187,CFA,Alternative Investments,8,250000000,Y,Y,2003-11-20
3369,2354300,VSR,0000VSR001,69871,Joseph,Garcia,joseph.garcia@918-663-1414,206-207-3939,CIMA,Ultra High Net Worth,3,75000000,N,Y,2015-12-05
3390,9775941,CETA,0000CET001,74634,Robert,Jones,robert.jones@800-245-0467,661-621-4919,CPWA,Alternative Investments,23,25000000,Y,Y,2015-10-03
3415,4953366,CNTS,0000CNT001,84905,Mary,Thomas,mary.thomas@800-237-0081,396-320-9686,CIMA,Family Office Services,16,5000000,Y,Y,2014-11-22
3417,2890441,SII,0000SII001,53064,Robert,Wilson,robert.wilson@314-342-2000,352-901-8772,,Wealth Management,4,20000000,Y,Y,2021-01-02
3439,5217486,CAIS,0000CAI001,78732,Barbara,Taylor,barbara.taylor@212-300-9350,542-831-8424,CFP,Private Equity,9,50000000,Y,Y,2017-03-06
3474,2188825,SII,0000SII001,18908,James,Martin,james.martin@314-342-2000,440-938-8287,"CPWA,CFP",Family Office Services,19,10000000,N,Y,2006-12-22
3500,6471590,SCHW,0000SCH001,59060,Richard,Davis,richard.davis@415-667-7000,433-300-4884,,Retirement Planning,27,10000000,N,Y,2007-02-16
3513,3431711,UBS,0000UBS001,89310,Christopher,Martin,christopher.martin@212-713-2000,421-824-8454,CPWA,Institutional Sales,4,50000000,Y,Y,2004-08-24
3531,6635321,MS,0000MOR001,86983,Robert,Thomas,robert.thomas@212-761-4000,330-232-1977,"CFP,CIMA",Wealth Management,11,20000000,Y,Y,2014-08-14
3532,3630468,UBS,0000UBS001,91351,Lisa,Anderson,lisa.anderson@212-713-2000,853-826-3784,"CPWA,CFP",Multi-Asset,10,25000000,Y,Y,2002-07-28
3545,8943827,NPC,0000NPC001,36633,Charles,Martin,charles.martin@602-224-2000,673-485-1237,,Retirement Planning,9,150000000,Y,Y,2010-07-19
3547,1085187,RJ,0000RAJ001,46421,Jennifer,Robinson,jennifer.robinson@firm.com,627-245-1656,,Multi-Asset,7,150000000,Y,Y,2013-09-13
3587,5035113,MER,0000MER001,10679,Jessica,Brown,jessica.brown@212-449-1000,285-771-1203,,Retirement Planning,17,75000000,Y,Y,2011-05-08
3591,6114309,VSR,0000VSR001,66985,Michael,Smith,michael.smith@918-663-1414,365-920-8524,"CPWA,CFP",Alternative Investments,18,200000000,N,Y,2014-03-28
3616,8789590,CETA,0000CET001,50213,Joseph,Garcia,joseph.garcia@800-245-0467,920-848-1022,CIMA,Institutional Sales,28,30000000,Y,Y,2016-01-10
3623,4475340,CETA,0000CET001,82339,Susan,Wilson,susan.wilson@800-245-0467,901-282-6500,CFP,Multi-Asset,25,150000000,Y,Y,2001-02-13
3653,7133266,SCHW,0000SCH001,31581,Barbara,Harris,barbara.harris@415-667-7000,575-379-2097,"CFP,CFA",Retirement Planning,22,5000000,Y,Y,2010-04-18
3677,4519758,CETA,0000CET001,42087,Patricia,Martin,patricia.martin@800-245-0467,971-962-4693,,Family Office Services,26,300000000,Y,Y,2016-11-14
3718,6791940,UBS,0000UBS001,17816,William,Johnson,william.johnson@212-713-2000,663-697-9215,"CFP,CFA",Private Equity,5,30000000,N,Y,2017-11-27
3725,7176462,VSR,0000VSR001,68153,Karen,Taylor,karen.taylor@918-663-1414,889-909-2075,CFA,Private Wealth,17,150000000,Y,Y,2002-07-06
3732,5629550,SCHW,0000SCH001,65278,Mary,Williams,mary.williams@415-667-7000,314-913-3424,,Wealth Management,6,15000000,Y,Y,2016-11-01
3733,3215051,MS,0000MOR001,82733,Mary,White,mary.white@212-761-4000,685-555-7883,,Alternative Investments,24,100000000,Y,Y,2006-02-01
3752,7907041,MER,0000MER001,16637,Jennifer,Thompson,jennifer.thompson@212-449-1000,792-551-6346,,Multi-Asset,23,30000000,N,Y,2014-05-19
3793,5362201,VSR,0000VSR001,96947,David,Taylor,david.taylor@918-663-1414,432-695-7093,"CFP,CIMA",Alternative Investments,8,300000000,Y,Y,2011-05-15
3821,9981123,CNTS,0000CNT001,14910,Lisa,Lewis,lisa.lewis@800-237-0081,492-386-3873,CPWA,Wealth Management,8,250000000,Y,Y,2003-01-11
3826,7202069,SCHW,0000SCH001,70012,Christopher,Jones,christopher.jones@415-667-7000,388-410-1568,,Family Office Services,17,25000000,Y,Y,2011-08-18
3828,1418175,CNTS,0000CNT001,69250,Lisa,Young,lisa.young@800-237-0081,614-711-3381,,Family Office Services,12,10000000,Y,Y,2000-12-18
3846,5958621,LPL,0000LPL001,56504,Charles,Anderson,charles.anderson@858-450-9606,685-496-3409,"CPWA,CFP",Private Wealth,23,250000000,Y,Y,2003-12-16
3868,2960855,LPL,0000LPL001,14888,Sarah,Jones,sarah.jones@858-450-9606,515-225-7580,"CPWA,CFP",Retirement Planning,24,100000000,N,Y,2011-02-11
3869,9832094,CETA,0000CET001,82970,Sarah,Lewis,sarah.lewis@800-245-0467,427-985-5553,CFA,Alternative Investments,23,20000000,Y,Y,2017-08-22
3877,9228643,CNTS,0000CNT001,50539,Michael,Thompson,michael.thompson@800-237-0081,525-817-9381,CFP,Family Office Services,15,20000000,N,Y,2004-12-28
3967,1204527,CAIS,0000CAI001,32280,Susan,Thomas,susan.thomas@212-300-9350,491-553-6756,"CFP,CIMA",Private Wealth,15,30000000,Y,Y,2006-12-15
3981,8110724,MER,0000MER001,82260,Susan,Harris,susan.harris@212-449-1000,946-624-3286,"CPWA,CFP",Private Equity,12,15000000,Y,Y,2006-05-16
4052,7304414,CNTS,0000CNT001,74930,Charles,Anderson,charles.anderson@800-237-0081,290-206-7708,"CFP,CIMA",Institutional Sales,5,150000000,Y,Y,2017-08-23
4082,7405029,CAIS,0000CAI001,19539,Christopher,Jones,christopher.jones@212-300-9350,496-767-9037,CFP,Ultra High Net Worth,9,15000000,Y,Y,2015-09-24
4111,1041048,SCHW,0000SCH001,30289,Thomas,Davis,thomas.davis@415-667-7000,357-468-5917,,Private Equity,3,300000000,Y,Y,2013-03-16
4159,5650930,CETA,0000CET001,45761,Jennifer,Smith,jennifer.smith@800-245-0467,704-268-6927,"CPWA,CFP",Private Wealth,6,300000000,N,Y,2008-11-22
4178,1294357,NPC,0000NPC001,71474,Jessica,Brown,jessica.brown@602-224-2000,465-366-1958,CPWA,Family Office Services,14,100000000,N,Y,2004-06-06
4228,6972425,UBS,0000UBS001,80575,Sarah,Wilson,sarah.wilson@212-713-2000,249-496-5778,"CFP,CFA",Private Equity,14,50000000,Y,Y,2020-03-25
4249,6412444,NPC,0000NPC001,61990,Patricia,Lewis,patricia.lewis@602-224-2000,523-901-5932,"CFP,CIMA",Family Office Services,27,15000000,Y,Y,2017-10-12
4254,5721406,VSR,0000VSR001,75239,David,Smith,david.smith@918-663-1414,581-997-8944,,Family Office Services,7,100000000,Y,Y,2003-04-05
4269,9818990,MS,0000MOR001,39154,Charles,Davis,charles.davis@212-761-4000,744-929-2867,,Private Wealth,9,300000000,Y,Y,2003-03-01
4300,7082891,UBS,0000UBS001,53481,Jessica,Thomas,jessica.thomas@212-713-2000,342-652-9570,,Wealth Management,12,250000000,Y,Y,2000-12-27
4328,3388393,RJ,0000RAJ001,51973,Patricia,Davis,patricia.davis@firm.com,904-432-6036,CPWA,Retirement Planning,7,250000000,Y,Y,2002-07-23
4335,9124448,VSR,0000VSR001,54942,Patricia,Williams,patricia.williams@918-663-1414,975-641-1696,CFA,Private Equity,3,300000000,Y,Y,2021-09-19
4342,1726143,ICAP,0000ICA001,70875,Sarah,Martin,sarah.martin@212-994-7400,267-508-1168,CIMA,Private Equity,6,25000000,Y,Y,2018-04-06
4350,5653591,CNTS,0000CNT001,41797,Barbara,Smith,barbara.smith@800-237-0081,793-556-6770,CPWA,Multi-Asset,5,15000000,Y,Y,2016-10-03
4362,9872441,CETA,0000CET001,26505,Patricia,Robinson,patricia.robinson@800-245-0467,422-932-4138,"CFP,CIMA",Wealth Management,27,5000000,Y,Y,2003-04-17
4394,4105895,NPC,0000NPC001,12052,Jessica,Thomas,jessica.thomas@602-224-2000,650-889-2758,CPWA,Family Office Services,25,150000000,N,Y,2013-04-17
4438,6272748,RJ,0000RAJ001,41056,Jennifer,White,jennifer.white@firm.com,326-677-2807,"CFP,CFA",Wealth Management,6,300000000,N,Y,2011-12-10
4457,9283126,NPC,0000NPC001,37235,Karen,Johnson,karen.johnson@602-224-2000,318-594-5646,,Ultra High Net Worth,5,30000000,N,Y,2007-09-14
4460,8980532,OSAIC,0000OSA001,27197,Mary,White,mary.white@770-980-4400,895-576-3937,CFP,Private Wealth,9,10000000,Y,Y,2012-08-17
4475,7721360,SCHW,0000SCH001,22015,Michael,Brown,michael.brown@415-667-7000,911-804-2666,CPWA,Private Equity,7,50000000,Y,Y,2006-06-07
4490,8125354,CAIS,0000CAI001,56030,Nancy,Jackson,nancy.jackson@212-300-9350,942-711-5563,"CPWA,CFP",Ultra High Net Worth,6,20000000,N,Y,2011-08-22
4505,5679008,FIDO,0000FID001,30028,Nancy,Jackson,nancy.jackson@800-343-3548,350-986-8448,CIMA,Private Equity,18,100000000,Y,Y,2015-08-08
4519,1886716,LPL,0000LPL001,10583,David,Smith,david.smith@858-450-9606,269-710-1438,CPWA,Institutional Sales,6,250000000,Y,Y,2004-05-20
4531,9723295,ICAP,0000ICA001,45804,Nancy,Brown,nancy.brown@212-994-7400,985-704-8635,CFA,Ultra High Net Worth,27,10000000,N,Y,2015-09-09
4570,1296459,ICAP,0000ICA001,10395,Karen,Anderson,karen.anderson@212-994-7400,982-232-8051,CIMA,Institutional Sales,28,100000000,N,Y,2010-07-15
4582,6084244,VSR,0000VSR001,22280,Thomas,Johnson,thomas.johnson@918-663-1414,923-368-9052,,Wealth Management,4,15000000,Y,Y,2012-08-25
4595,8882244,SII,0000SII001,73993,Patricia,Robinson,patricia.robinson@314-342-2000,687-775-3560,"CFP,CFA",Alternative Investments,24,75000000,N,Y,2008-08-19
4608,5772070,MER,0000MER001,87128,Joseph,Lewis,joseph.lewis@212-449-1000,528-262-1461,"CPWA,CFP",Alternative Investments,24,30000000,Y,Y,2011-06-26
4618,6725334,CETA,0000CET001,58174,Christopher,Smith,christopher.smith@800-245-0467,589-299-8014,,Family Office Services,27,200000000,N,Y,2011-01-22
4643,6236161,SCHW,0000SCH001,54979,Jennifer,Davis,jennifer.davis@415-667-7000,806-286-2073,"CFP,CIMA",Private Equity,10,200000000,Y,Y,2005-01-18
4688,8087921,SCHW,0000SCH001,39012,Richard,Johnson,richard.johnson@415-667-7000,781-727-7900,"CFP,CIMA",Alternative Investments,17,200000000,N,Y,2018-01-11
4692,2639564,SCHW,0000SCH001,41584,Joseph,Robinson,joseph.robinson@415-667-7000,700-302-4373,,Private Wealth,15,30000000,Y,Y,2005-10-10
4705,2263679,MER,0000MER001,27393,Barbara,White,barbara.white@212-449-1000,748-419-5708,"CFP,CIMA",Alternative Investments,9,75000000,Y,Y,2018-07-26
4706,2589366,FIDO,0000FID001,44524,Jennifer,Lewis,jennifer.lewis@800-343-3548,806-544-5478,CIMA,Multi-Asset,26,10000000,N,Y,2013-04-12
4814,6031638,VSR,0000VSR001,39579,Michael,Taylor,michael.taylor@918-663-1414,643-879-9846,,Retirement Planning,19,300000000,N,Y,2012-05-20
4817,4029979,VSR,0000VSR001,13133,Charles,Harris,charles.harris@918-663-1414,219-842-9457,CPWA,Private Wealth,24,300000000,Y,Y,2021-12-15
4842,8276689,LPL,0000LPL001,53332,William,Young,william.young@858-450-9606,779-944-1981,"CFP,CFA",Retirement Planning,28,150000000,Y,Y,2014-03-08
4846,6346113,MS,0000MOR001,22739,David,Taylor,david.taylor@212-761-4000,265-849-4335,,Ultra High Net Worth,16,50000000,Y,Y,2020-03-09
4850,2905196,FIDO,0000FID001,62858,Nancy,Davis,nancy.davis@800-343-3548,353-396-1453,CFA,Ultra High Net Worth,15,20000000,N,Y,2015-09-14
4872,5575347,ICAP,0000ICA001,22224,Susan,Johnson,susan.johnson@212-994-7400,339-229-5233,"CFP,CIMA",Multi-Asset,9,15000000,Y,Y,2020-01-24
4886,6266448,RJ,0000RAJ001,23979,Jessica,Smith,jessica.smith@firm.com,816-505-2041,,Family Office Services,4,10000000,Y,Y,2012-12-27
4891,9392777,MS,0000MOR001,57749,David,Davis,david.davis@212-761-4000,323-734-9605,"CFP,CIMA",Private Wealth,6,150000000,Y,Y,2007-10-04
4923,7542286,NPC,0000NPC001,50306,Richard,Anderson,richard.anderson@602-224-2000,966-961-4865,,Retirement Planning,21,250000000,Y,Y,2003-03-07
4971,1938272,SCHW,0000SCH001,85481,William,Harris,william.harris@415-667-7000,702-746-7139,CIMA,Family Office Services,16,25000000,N,Y,2015-11-08
4997,7169641,SCHW,0000SCH001,62383,William,Jones,william.jones@415-667-7000,515-221-1570,CFP,Retirement Planning,14,75000000,Y,Y,2017-07-10
5005,8422287,FIDO,0000FID001,17589,Barbara,Brown,barbara.brown@800-343-3548,597-208-7438,"CFP,CIMA",Ultra High Net Worth,20,20000000,Y,Y,2007-05-07
5026,7816395,CNTS,0000CNT001,14541,Lisa,Harris,lisa.harris@800-237-0081,234-480-2312,,Private Wealth,23,30000000,N,Y,2010-12-14
5059,9494883,OSAIC,0000OSA001,28327,Patricia,Garcia,patricia.garcia@770-980-4400,267-560-7895,"CPWA,CFP",Multi-Asset,25,25000000,Y,Y,2014-12-01
5064,3283248,MER,0000MER001,52415,Sarah,Garcia,sarah.garcia@212-449-1000,203-610-4278,"CFP,CIMA",Family Office Services,23,75000000,Y,Y,2003-03-08
5065,7883963,SII,0000SII001,63964,Charles,Jones,charles.jones@314-342-2000,527-662-8837,CPWA,Ultra High Net Worth,22,200000000,Y,Y,2021-10-27
5073,7954096,LPL,0000LPL001,24322,Richard,Taylor,richard.taylor@858-450-9606,576-386-7447,,Retirement Planning,9,10000000,Y,Y,2000-09-21
5087,4326354,CNTS,0000CNT001,17553,Nancy,Davis,nancy.davis@800-237-0081,468-918-3764,CFP,Institutional Sales,5,75000000,N,Y,2019-05-05
5090,2968815,OSAIC,0000OSA001,27392,Michael,Thomas,michael.thomas@770-980-4400,214-935-9615,,Private Wealth,8,150000000,N,Y,2003-04-23
5092,5831200,UBS,0000UBS001,70637,Robert,Miller,robert.miller@212-713-2000,964-706-7259,CPWA,Institutional Sales,28,25000000,Y,Y,2019-04-27
5102,7853897,CAIS,0000CAI001,52247,Mary,Miller,mary.miller@212-300-9350,349-229-5754,"CFP,CIMA",Retirement Planning,16,15000000,N,Y,2007-06-19
5123,3234807,MS,0000MOR001,57333,Thomas,Williams,thomas.williams@212-761-4000,531-909-7513,CFA,Institutional Sales,3,75000000,N,Y,2019-05-03
5139,6584506,MER,0000MER001,41722,Patricia,Young,patricia.young@212-449-1000,440-682-6804,"CPWA,CFP",Alternative Investments,4,5000000,Y,Y,2008-09-20
5186,7222689,UBS,0000UBS001,27987,Joseph,Taylor,joseph.taylor@212-713-2000,335-772-1673,"CPWA,CFP",Wealth Management,15,200000000,Y,Y,2005-09-16
5190,6323702,LPL,0000LPL001,59177,Richard,Harris,richard.harris@858-450-9606,927-743-8093,CPWA,Ultra High Net Worth,7,10000000,Y,Y,2010-01-05
5201,8215646,RJ,0000RAJ001,95979,Jessica,Wilson,jessica.wilson@firm.com,489-469-5321,"CFP,CFA",Family Office Services,26,30000000,N,Y,2005-06-24
5225,8381800,MER,0000MER001,87994,Jessica,Jones,jessica.jones@212-449-1000,254-393-3435,CFP,Retirement Planning,20,200000000,Y,Y,2001-08-09
5250,9303225,FIDO,0000FID001,48745,Lisa,Harris,lisa.harris@800-343-3548,241-652-6841,"CFP,CFA",Private Wealth,16,10000000,N,Y,2015-02-28
5272,4418084,FIDO,0000FID001,12125,David,Brown,david.brown@800-343-3548,490-384-3757,"CFP,CFA",Ultra High Net Worth,14,10000000,Y,Y,2018-01-17
5295,5129836,OSAIC,0000OSA001,58311,Christopher,Garcia,christopher.garcia@770-980-4400,986-710-2545,,Alternative Investments,16,10000000,Y,Y,2021-11-04
5327,6428072,MER,0000MER001,48800,Joseph,Thomas,joseph.thomas@212-449-1000,357-229-2328,,Private Wealth,21,10000000,N,Y,2020-05-20
5333,8601790,OSAIC,0000OSA001,55082,James,Anderson,james.anderson@770-980-4400,532-949-3118,CFA,Alternative Investments,4,200000000,Y,Y,2010-01-24
5351,2552748,MER,0000MER001,41285,Michael,Young,michael.young@212-449-1000,608-461-3916,CFA,Institutional Sales,22,50000000,Y,Y,2000-04-06
5402,3585950,VSR,0000VSR001,85684,Joseph,Jackson,joseph.jackson@918-663-1414,323-505-9042,,Ultra High Net Worth,12,200000000,Y,Y,2011-11-04
5414,8473283,SII,0000SII001,52056,Barbara,Thompson,barbara.thompson@314-342-2000,597-687-5398,"CPWA,CFP",Institutional Sales,9,75000000,Y,Y,2013-06-20
5451,2559399,ICAP,0000ICA001,40735,Lisa,White,lisa.white@212-994-7400,241-725-6599,,Retirement Planning,23,50000000,Y,Y,2015-09-21
5460,8337608,NPC,0000NPC001,62757,Charles,Williams,charles.williams@602-224-2000,281-689-5921,CPWA,Wealth Management,12,75000000,Y,Y,2007-09-14
5511,2284002,MS,0000MOR001,94245,Mary,Robinson,mary.robinson@212-761-4000,246-725-2763,"CFP,CFA",Institutional Sales,4,100000000,N,Y,2003-08-22
5543,2371865,CNTS,0000CNT001,93579,Christopher,Wilson,christopher.wilson@800-237-0081,987-715-1266,CIMA,Private Wealth,14,25000000,Y,Y,2005-07-02
5593,6267145,ICAP,0000ICA001,50756,Michael,White,michael.white@212-994-7400,801-941-8454,,Ultra High Net Worth,25,25000000,Y,Y,2005-04-06
5612,2783932,UBS,0000UBS001,96585,Michael,Lewis,michael.lewis@212-713-2000,644-747-1293,CFP,Institutional Sales,11,200000000,Y,Y,2000-03-21
5631,9165848,SCHW,0000SCH001,83591,Jessica,Harris,jessica.harris@415-667-7000,510-833-6910,,Ultra High Net Worth,25,50000000,Y,Y,2004-03-01
5636,4157826,MS,0000MOR001,88222,Robert,Brown,robert.brown@212-761-4000,227-414-8882,CPWA,Retirement Planning,3,250000000,N,Y,2020-09-07
5662,3485807,SII,0000SII001,53914,Michael,Taylor,michael.taylor@314-342-2000,685-632-1357,CIMA,Wealth Management,27,75000000,Y,Y,2014-08-16
5670,4377898,CAIS,0000CAI001,21847,James,Harris,james.harris@212-300-9350,501-783-7418,CFP,Family Office Services,21,20000000,Y,Y,2003-11-28
5676,5878387,CETA,0000CET001,52096,Susan,White,susan.white@800-245-0467,237-699-7548,,Multi-Asset,18,250000000,N,Y,2007-12-02
5678,6299086,SCHW,0000SCH001,38124,Charles,Smith,charles.smith@415-667-7000,766-265-5388,,Private Wealth,16,150000000,Y,Y,2015-10-21
5697,1349082,LPL,0000LPL001,80220,Barbara,Harris,barbara.harris@858-450-9606,365-494-4149,,Family Office Services,25,50000000,N,Y,2007-09-08
5703,8859576,CAIS,0000CAI001,58331,Christopher,Anderson,christopher.anderson@212-300-9350,334-500-7395,,Family Office Services,22,250000000,N,Y,2005-10-07
5708,3165880,FIDO,0000FID001,40771,Mary,Williams,mary.williams@800-343-3548,377-404-3561,"CPWA,CFP",Private Wealth,24,75000000,Y,Y,2013-08-10
5712,1304180,ICAP,0000ICA001,70981,Jennifer,Miller,jennifer.miller@212-994-7400,567-467-6849,CPWA,Wealth Management,20,5000000,Y,Y,2002-06-14
5728,4759700,LPL,0000LPL001,82512,Patricia,Lewis,patricia.lewis@858-450-9606,698-464-6575,,Alternative Investments,10,10000000,Y,Y,2004-12-28
5764,1845941,SCHW,0000SCH001,49085,Charles,Lewis,charles.lewis@415-667-7000,648-668-2817,CIMA,Private Equity,24,10000000,Y,Y,2016-02-06
5772,5901010,NPC,0000NPC001,28818,Patricia,Miller,patricia.miller@602-224-2000,925-652-9288,,Private Equity,14,15000000,Y,Y,2020-06-11
5773,7975124,CETA,0000CET001,67469,David,Brown,david.brown@800-245-0467,987-987-1107,CFA,Private Wealth,9,75000000,Y,Y,2009-09-06
5781,7962689,UBS,0000UBS001,75323,Michael,Wilson,michael.wilson@212-713-2000,569-844-5021,CPWA,Multi-Asset,14,250000000,N,Y,2007-03-26
5785,9659648,VSR,0000VSR001,38905,Susan,White,susan.white@918-663-1414,898-570-1487,,Wealth Management,16,75000000,Y,Y,2016-02-03
5813,3756910,OSAIC,0000OSA001,81496,Richard,Anderson,richard.anderson@770-980-4400,644-262-7443,CFP,Wealth Management,15,300000000,Y,Y,2020-12-26
5839,6105693,UBS,0000UBS001,63707,Charles,Taylor,charles.taylor@212-713-2000,938-960-6139,,Alternative Investments,16,50000000,Y,Y,2016-10-05
5889,8417942,LPL,0000LPL001,23947,Joseph,Harris,joseph.harris@858-450-9606,914-553-7627,CFA,Ultra High Net Worth,23,20000000,Y,Y,2001-09-11
5890,5763519,FIDO,0000FID001,46569,Joseph,Jones,joseph.jones@800-343-3548,418-295-9383,"CFP,CFA",Ultra High Net Worth,19,100000000,Y,Y,2020-03-01
5892,5049009,CNTS,0000CNT001,56105,James,Young,james.young@800-237-0081,992-511-7926,"CFP,CFA",Private Equity,21,25000000,Y,Y,2011-05-21
5942,3092954,CETA,0000CET001,13515,Charles,Thomas,charles.thomas@800-245-0467,659-505-1085,,Family Office Services,6,5000000,Y,Y,2018-10-23
5944,6019770,RJ,0000RAJ001,41051,Karen,Lewis,karen.lewis@firm.com,491-882-3293,,Multi-Asset,10,30000000,Y,Y,2003-06-17
6026,8622050,FIDO,0000FID001,59595,Christopher,Miller,christopher.miller@800-343-3548,300-350-7974,,Private Equity,27,30000000,Y,Y,2001-07-05
6040,7195728,NPC,0000NPC001,64596,Jessica,Miller,jessica.miller@602-224-2000,893-738-7598,"CPWA,CFP",Multi-Asset,17,10000000,N,Y,2008-10-16
6053,7994796,MER,0000MER001,79066,Susan,Harris,susan.harris@212-449-1000,366-347-9286,CPWA,Private Wealth,25,75000000,N,Y,2004-12-17
6085,8640887,CETA,0000CET001,98184,Charles,Brown,charles.brown@800-245-0467,684-233-3569,"CFP,CFA",Family Office Services,25,20000000,Y,Y,2019-07-04
6096,1675822,UBS,0000UBS001,31465,Patricia,Thomas,patricia.thomas@212-713-2000,735-356-2929,,Ultra High Net Worth,21,25000000,Y,Y,2009-05-16
6119,8075907,FIDO,0000FID001,88696,James,Jones,james.jones@800-343-3548,249-512-5644,CFA,Wealth Management,7,300000000,N,Y,2000-02-18
6123,9072800,LPL,0000LPL001,98705,Barbara,Williams,barbara.williams@858-450-9606,786-517-8411,,Institutional Sales,4,50000000,N,Y,2019-03-25
6133,8548562,MER,0000MER001,23526,David,Thompson,david.thompson@212-449-1000,883-659-3440,,Private Equity,23,75000000,N,Y,2012-04-13
6134,8433920,ICAP,0000ICA001,93769,Richard,Young,richard.young@212-994-7400,953-484-2450,CPWA,Alternative Investments,4,200000000,Y,Y,2017-11-04
6147,1887084,SII,0000SII001,72784,Karen,Williams,karen.williams@314-342-2000,783-734-4103,,Multi-Asset,9,150000000,Y,Y,2003-11-18
6179,4452834,OSAIC,0000OSA001,92210,Lisa,Smith,lisa.smith@770-980-4400,451-922-8278,CIMA,Multi-Asset,11,300000000,Y,Y,2012-10-02
6183,4028421,MS,0000MOR001,28772,Jessica,Smith,jessica.smith@212-761-4000,624-224-9649,,Institutional Sales,13,50000000,Y,Y,2002-02-04
6188,4064676,RJ,0000RAJ001,61068,Karen,Garcia,karen.garcia@firm.com,461-986-2468,CPWA,Ultra High Net Worth,12,15000000,N,Y,2021-03-02
6194,1981497,VSR,0000VSR001,26426,Nancy,Anderson,nancy.anderson@918-663-1414,505-599-2617,,Wealth Management,8,5000000,N,Y,2010-05-13
6213,4967662,VSR,0000VSR001,15720,Patricia,Johnson,patricia.johnson@918-663-1414,704-720-9264,,Private Equity,9,20000000,Y,Y,2001-06-15
6222,1484969,CETA,0000CET001,78742,Karen,White,karen.white@800-245-0467,617-848-4829,CFP,Ultra High Net Worth,5,75000000,Y,Y,2007-09-21
6253,8482340,CETA,0000CET001,74441,David,Taylor,david.taylor@800-245-0467,285-851-9199,CFA,Wealth Management,21,50000000,Y,Y,2017-03-26
6272,8578973,ICAP,0000ICA001,69682,Jennifer,Young,jennifer.young@212-994-7400,242-201-8612,"CPWA,CFP",Ultra High Net Worth,16,100000000,Y,Y,2000-01-16
6325,7377917,CNTS,0000CNT001,83516,William,Lewis,william.lewis@800-237-0081,559-847-4485,"CPWA,CFP",Multi-Asset,11,200000000,Y,Y,2001-03-24
6327,2505169,CETA,0000CET001,93964,Karen,Robinson,karen.robinson@800-245-0467,604-915-3014,CPWA,Multi-Asset,5,25000000,Y,Y,2013-04-20
6340,5384902,RJ,0000RAJ001,57945,Charles,Anderson,charles.anderson@firm.com,970-924-8417,"CFP,CIMA",Retirement Planning,24,30000000,Y,Y,2010-04-15
6343,3243545,CNTS,0000CNT001,82358,Nancy,Anderson,nancy.anderson@800-237-0081,861-202-8807,CFP,Alternative Investments,3,250000000,Y,Y,2013-09-23
6374,2300622,SCHW,0000SCH001,13280,Jessica,Jackson,jessica.jackson@415-667-7000,751-231-8293,CIMA,Family Office Services,20,10000000,N,Y,2019-06-13
6378,7215633,FIDO,0000FID001,62227,Lisa,Smith,lisa.smith@800-343-3548,397-655-1153,CFA,Alternative Investments,6,75000000,Y,Y,2021-12-12
6403,6086491,ICAP,0000ICA001,31079,Robert,Williams,robert.williams@212-994-7400,935-426-4838,,Family Office Services,22,200000000,Y,Y,2008-08-23
6425,7645223,NPC,0000NPC001,28434,Nancy,Miller,nancy.miller@602-224-2000,313-484-9197,,Wealth Management,3,20000000,Y,Y,2021-12-19
6428,3151617,MER,0000MER001,65112,Nancy,Robinson,nancy.robinson@212-449-1000,963-266-3087,"CFP,CIMA",Retirement Planning,8,10000000,Y,Y,2006-11-01
6484,8615616,LPL,0000LPL001,67700,Karen,Lewis,karen.lewis@858-450-9606,202-637-1849,,Institutional Sales,11,200000000,N,Y,2008-02-22
6499,9678130,MER,0000MER001,99091,Charles,Harris,charles.harris@212-449-1000,977-244-4678,CFP,Ultra High Net Worth,18,30000000,N,Y,2017-08-11
6500,2372525,MER,0000MER001,97821,James,Jackson,james.jackson@212-449-1000,785-225-4696,,Private Equity,9,30000000,Y,Y,2006-03-11
6523,2622794,FIDO,0000FID001,11846,Mary,Williams,mary.williams@800-343-3548,228-691-8077,CFP,Family Office Services,23,200000000,Y,Y,2007-02-16
6553,9718700,CETA,0000CET001,64239,Jennifer,Anderson,jennifer.anderson@800-245-0467,442-274-8184,CIMA,Private Wealth,4,30000000,Y,Y,2002-01-02
6608,3139695,ICAP,0000ICA001,79878,Joseph,Anderson,joseph.anderson@212-994-7400,263-652-1897,"CFP,CIMA",Institutional Sales,25,10000000,Y,Y,2003-11-02
6632,7739123,NPC,0000NPC001,97574,Karen,Johnson,karen.johnson@602-224-2000,298-832-7735,CFA,Alternative Investments,12,50000000,N,Y,2012-08-26
6654,6697818,CAIS,0000CAI001,61712,Susan,Lewis,susan.lewis@212-300-9350,866-891-1425,,Multi-Asset,22,10000000,Y,Y,2018-04-04
6697,2133208,SII,0000SII001,95660,Patricia,Smith,patricia.smith@314-342-2000,807-398-3064,"CFP,CFA",Ultra High Net Worth,22,250000000,Y,Y,2013-08-24
6718,3309764,NPC,0000NPC001,27361,Nancy,Harris,nancy.harris@602-224-2000,245-261-3091,"CFP,CIMA",Institutional Sales,8,20000000,Y,Y,2009-10-18
6727,6752912,MS,0000MOR001,69130,David,Jones,david.jones@212-761-4000,498-577-1132,"CFP,CFA",Wealth Management,18,25000000,Y,Y,2007-09-27
6736,4278387,MER,0000MER001,24184,Karen,Johnson,karen.johnson@212-449-1000,405-855-4297,CIMA,Family Office Services,16,30000000,Y,Y,2021-08-23
6751,6631448,CNTS,0000CNT001,54541,Thomas,Lewis,thomas.lewis@800-237-0081,830-506-7859,,Wealth Management,25,30000000,Y,Y,2014-01-16
6772,4863356,SII,0000SII001,40162,Jennifer,Smith,jennifer.smith@314-342-2000,677-838-4492,CFA,Private Wealth,23,20000000,Y,Y,2012-04-13
6799,2237003,SCHW,0000SCH001,32650,Lisa,Smith,lisa.smith@415-667-7000,566-230-2887,CPWA,Ultra High Net Worth,14,5000000,N,Y,2006-11-19
6820,4318952,SCHW,0000SCH001,58520,Barbara,Johnson,barbara.johnson@415-667-7000,490-378-4587,"CFP,CIMA",Wealth Management,3,20000000,Y,Y,2017-04-06
6848,2697690,SII,0000SII001,47501,Robert,Smith,robert.smith@314-342-2000,221-893-3248,,Private Equity,8,25000000,Y,Y,2006-05-15
6876,3874940,ICAP,0000ICA001,81364,Jennifer,Thomas,jennifer.thomas@212-994-7400,739-838-8106,CIMA,Private Equity,28,30000000,Y,Y,2004-04-07
6883,6334342,SCHW,0000SCH001,60134,Karen,Jackson,karen.jackson@415-667-7000,813-639-5006,CFP,Retirement Planning,25,30000000,Y,Y,2004-06-08
6886,9203901,CNTS,0000CNT001,95029,Sarah,Wilson,sarah.wilson@800-237-0081,414-944-2333,,Private Equity,7,100000000,Y,Y,2016-07-25
6905,8789112,SCHW,0000SCH001,22234,Charles,Thomas,charles.thomas@415-667-7000,383-529-7125,"CFP,CFA",Private Wealth,18,100000000,N,Y,2015-05-19
6916,4476232,MER,0000MER001,11581,Joseph,Robinson,joseph.robinson@212-449-1000,424-407-8406,CFA,Institutional Sales,23,5000000,Y,Y,2009-07-13
6925,2422018,VSR,0000VSR001,92397,Christopher,Garcia,christopher.garcia@918-663-1414,337-969-2376,"CFP,CIMA",Private Wealth,14,25000000,Y,Y,2007-10-02
6992,8148811,MER,0000MER001,83048,Thomas,Thompson,thomas.thompson@212-449-1000,661-678-8086,,Family Office Services,22,30000000,N,Y,2010-05-13
7012,5456445,ICAP,0000ICA001,79397,James,Garcia,james.garcia@212-994-7400,860-277-6883,CIMA,Ultra High Net Worth,17,20000000,Y,Y,2008-04-04
7044,4360587,CNTS,0000CNT001,11044,Patricia,Williams,patricia.williams@800-237-0081,541-401-6394,"CFP,CIMA",Ultra High Net Worth,14,5000000,Y,Y,2006-12-20
7046,6024342,OSAIC,0000OSA001,50135,David,Young,david.young@770-980-4400,488-554-7616,,Alternative Investments,11,5000000,N,Y,2020-09-25
7062,4521118,VSR,0000VSR001,30631,David,Jackson,david.jackson@918-663-1414,685-439-9451,"CPWA,CFP",Multi-Asset,10,20000000,N,Y,2014-06-26
7070,8007639,CETA,0000CET001,14288,Michael,Anderson,michael.anderson@800-245-0467,414-649-8372,"CFP,CFA",Alternative Investments,9,50000000,Y,Y,2004-10-28
7078,9385256,ICAP,0000ICA001,34232,David,Taylor,david.taylor@212-994-7400,874-563-6567,CFA,Institutional Sales,26,5000000,N,Y,2021-07-25
7079,1389899,SCHW,0000SCH001,68954,Karen,Taylor,karen.taylor@415-667-7000,781-232-3279,CPWA,Family Office Services,13,150000000,N,Y,2012-04-13
7108,8965447,FIDO,0000FID001,84912,Michael,Young,michael.young@800-343-3548,311-536-8397,"CFP,CIMA",Private Equity,15,20000000,Y,Y,2003-11-18
7112,9197571,UBS,0000UBS001,20357,Lisa,Johnson,lisa.johnson@212-713-2000,227-391-4260,CIMA,Institutional Sales,25,150000000,Y,Y,2006-04-10
7141,7184958,RJ,0000RAJ001,56984,Charles,Williams,charles.williams@firm.com,730-211-3815,,Institutional Sales,17,5000000,N,Y,2005-02-05
7142,2153651,SCHW,0000SCH001,20696,Karen,White,karen.white@415-667-7000,598-411-3128,CFA,Ultra High Net Worth,18,250000000,N,Y,2021-08-06
7150,4405319,LPL,0000LPL001,82487,Nancy,Robinson,nancy.robinson@858-450-9606,714-933-8519,"CFP,CIMA",Retirement Planning,12,150000000,Y,Y,2004-08-03
7172,9822408,CNTS,0000CNT001,88282,Joseph,Lewis,joseph.lewis@800-237-0081,536-782-9043,,Private Wealth,28,20000000,Y,Y,2002-05-21
7209,5990361,SCHW,0000SCH001,31579,Thomas,Thomas,thomas.thomas@415-667-7000,600-827-3869,,Retirement Planning,25,250000000,Y,Y,2019-12-14
7223,2602797,CNTS,0000CNT001,40149,Thomas,Jackson,thomas.jackson@800-237-0081,602-915-1715,CFA,Wealth Management,24,15000000,Y,Y,2020-09-10
7229,3033912,FIDO,0000FID001,26932,Michael,Miller,michael.miller@800-343-3548,577-278-2723,"CFP,CFA",Family Office Services,18,50000000,N,Y,2014-03-09
7266,1448251,RJ,0000RAJ001,59081,Robert,Thompson,robert.thompson@firm.com,274-854-8567,,Family Office Services,4,75000000,N,Y,2006-07-02
7275,3289764,RJ,0000RAJ001,46670,James,Wilson,james.wilson@firm.com,534-886-8606,,Private Wealth,6,250000000,Y,Y,2002-09-22
7311,5683223,SCHW,0000SCH001,25157,Jennifer,Harris,jennifer.harris@415-667-7000,365-374-1295,"CPWA,CFP",Private Equity,7,75000000,Y,Y,2009-02-18
7338,1188082,FIDO,0000FID001,93318,Joseph,Garcia,joseph.garcia@800-343-3548,893-479-3514,,Family Office Services,5,200000000,Y,Y,2006-12-02
7363,1801213,CAIS,0000CAI001,52153,Karen,Miller,karen.miller@212-300-9350,850-735-2684,,Ultra High Net Worth,17,250000000,N,Y,2001-10-01
7375,5189267,MS,0000MOR001,84277,Sarah,Jackson,sarah.jackson@212-761-4000,583-444-4276,CIMA,Alternative Investments,27,20000000,N,Y,2000-01-11
7438,3816607,MS,0000MOR001,31299,Robert,Williams,robert.williams@212-761-4000,941-371-1721,,Multi-Asset,10,10000000,Y,Y,2010-06-18
7484,7628072,SII,0000SII001,20308,Robert,Lewis,robert.lewis@314-342-2000,638-323-4807,CFA,Private Equity,9,100000000,Y,Y,2010-03-01
7492,4569653,SII,0000SII001,56627,Joseph,Anderson,joseph.anderson@314-342-2000,669-425-2081,"CFP,CIMA",Family Office Services,3,50000000,Y,Y,2002-04-14
7499,9995633,FIDO,0000FID001,54642,Mary,Lewis,mary.lewis@800-343-3548,782-375-5127,CIMA,Family Office Services,18,10000000,N,Y,2021-12-05
7512,6334600,UBS,0000UBS001,50416,Richard,Garcia,richard.garcia@212-713-2000,882-693-2106,,Alternative Investments,23,300000000,N,Y,2012-09-21
7523,1222997,OSAIC,0000OSA001,50539,Jennifer,Thompson,jennifer.thompson@770-980-4400,438-221-3032,"CFP,CIMA",Retirement Planning,21,250000000,N,Y,2007-10-03
7547,5976369,OSAIC,0000OSA001,83822,Sarah,Jones,sarah.jones@770-980-4400,406-355-7156,CFA,Alternative Investments,14,75000000,Y,Y,2019-08-24
7553,1664503,SII,0000SII001,67272,Richard,Jones,richard.jones@314-342-2000,733-624-5726,CFP,Retirement Planning,11,30000000,Y,Y,2010-04-07
7566,4731991,MS,0000MOR001,86315,Karen,Johnson,karen.johnson@212-761-4000,822-590-9543,,Wealth Management,24,20000000,N,Y,2020-01-03
7568,3374513,CAIS,0000CAI001,16019,Jessica,Williams,jessica.williams@212-300-9350,409-328-2503,CPWA,Multi-Asset,9,5000000,Y,Y,2007-09-03
7606,4314108,CAIS,0000CAI001,57943,Susan,Harris,susan.harris@212-300-9350,450-634-3890,"CPWA,CFP",Retirement Planning,12,15000000,Y,Y,2009-10-15
7620,2342445,RJ,0000RAJ001,17441,Robert,Wilson,robert.wilson@firm.com,568-607-7188,CPWA,Private Wealth,28,75000000,N,Y,2013-09-20
7625,1332374,LPL,0000LPL001,14073,Susan,Jones,susan.jones@858-450-9606,980-590-8002,CIMA,Ultra High Net Worth,28,75000000,Y,Y,2017-12-06
7653,8610197,CNTS,0000CNT001,42096,William,Jackson,william.jackson@800-237-0081,490-584-8878,CIMA,Family Office Services,17,25000000,Y,Y,2015-04-05
7684,7279004,NPC,0000NPC001,82384,Robert,Smith,robert.smith@602-224-2000,703-614-7812,,Family Office Services,3,100000000,N,Y,2015-05-21
7689,3088386,UBS,0000UBS001,95097,Christopher,Williams,christopher.williams@212-713-2000,594-779-3660,CFA,Institutional Sales,16,5000000,Y,Y,2011-09-23
7697,7464817,ICAP,0000ICA001,60779,Jessica,Thomas,jessica.thomas@212-994-7400,634-953-5043,CFA,Private Wealth,25,5000000,Y,Y,2011-11-23
7818,8641531,MS,0000MOR001,83147,James,Jones,james.jones@212-761-4000,897-350-5166,CFA,Wealth Management,11,150000000,Y,Y,2003-02-21
7843,2348021,CNTS,0000CNT001,93904,Joseph,Jackson,joseph.jackson@800-237-0081,730-393-7929,CPWA,Institutional Sales,25,150000000,Y,Y,2009-09-18
7852,7905652,RJ,0000RAJ001,60916,Joseph,Robinson,joseph.robinson@firm.com,970-945-2456,CIMA,Family Office Services,12,250000000,Y,Y,2008-12-07
7858,9249747,SCHW,0000SCH001,78495,Joseph,Taylor,joseph.taylor@415-667-7000,201-299-2144,,Multi-Asset,3,15000000,N,Y,2020-05-24
7868,4127273,MS,0000MOR001,96533,Susan,Garcia,susan.garcia@212-761-4000,920-337-4244,,Wealth Management,8,30000000,Y,Y,2014-10-27
7870,4065690,LPL,0000LPL001,14635,Robert,Garcia,robert.garcia@858-450-9606,977-396-5249,,Private Wealth,9,5000000,Y,Y,2020-03-03
7883,5643299,SCHW,0000SCH001,37110,Mary,Williams,mary.williams@415-667-7000,265-550-1486,"CPWA,CFP",Retirement Planning,15,10000000,N,Y,2015-11-25
7888,1121243,CETA,0000CET001,35144,Patricia,Smith,patricia.smith@800-245-0467,881-796-1685,CIMA,Retirement Planning,4,25000000,Y,Y,2012-10-17
7916,6654424,MER,0000MER001,99192,William,Martin,william.martin@212-449-1000,818-639-6514,,Family Office Services,18,300000000,Y,Y,2007-06-22
7937,6973179,CAIS,0000CAI001,22249,Joseph,Jackson,joseph.jackson@212-300-9350,538-302-1050,,Institutional Sales,22,5000000,Y,Y,2000-10-04
7939,5169769,CETA,0000CET001,22097,Charles,Wilson,charles.wilson@800-245-0467,577-662-8785,"CFP,CFA",Institutional Sales,25,300000000,Y,Y,2000-11-27
7951,1767629,CAIS,0000CAI001,93746,Richard,Smith,richard.smith@212-300-9350,953-533-8279,CFA,Private Wealth,23,30000000,N,Y,2019-02-12
7981,2685367,MER,0000MER001,88986,Susan,Martin,susan.martin@212-449-1000,951-594-5814,"CPWA,CFP",Retirement Planning,24,250000000,Y,Y,2016-10-26
8022,2461125,NPC,0000NPC001,21003,Charles,Johnson,charles.johnson@602-224-2000,508-889-9990,,Wealth Management,7,75000000,N,Y,2003-08-22
8025,3859391,NPC,0000NPC001,48974,Karen,Davis,karen.davis@602-224-2000,971-875-2465,CIMA,Institutional Sales,10,20000000,Y,Y,2005-06-13
8032,8991026,MER,0000MER001,40689,William,Davis,william.davis@212-449-1000,886-326-3224,"CFP,CFA",Private Wealth,26,25000000,Y,Y,2010-04-19
8080,7325183,CAIS,0000CAI001,34430,Nancy,Williams,nancy.williams@212-300-9350,934-960-7252,"CFP,CFA",Institutional Sales,23,30000000,Y,Y,2007-05-04
8126,6708243,VSR,0000VSR001,90589,Mary,Williams,mary.williams@918-663-1414,958-806-4082,CIMA,Family Office Services,6,10000000,Y,Y,2010-07-19
8178,9985927,MS,0000MOR001,84572,James,Taylor,james.taylor@212-761-4000,394-597-7941,,Family Office Services,4,150000000,Y,Y,2016-11-20
8238,1154157,RJ,0000RAJ001,70946,Christopher,Davis,christopher.davis@firm.com,751-671-6176,CPWA,Ultra High Net Worth,6,50000000,Y,Y,2015-11-15
8239,1576194,LPL,0000LPL001,31178,David,Lewis,david.lewis@858-450-9606,813-527-6060,"CFP,CFA",Private Equity,12,15000000,Y,Y,2018-08-21
8242,7320122,SCHW,0000SCH001,91973,Robert,Martin,robert.martin@415-667-7000,260-541-3501,CFA,Retirement Planning,12,250000000,Y,Y,2005-08-24
8265,1361814,NPC,0000NPC001,94670,Joseph,Taylor,joseph.taylor@602-224-2000,761-601-6528,,Private Wealth,24,15000000,Y,Y,2012-07-03
8267,4273103,LPL,0000LPL001,74260,Charles,Taylor,charles.taylor@858-450-9606,917-761-7451,CIMA,Wealth Management,12,250000000,Y,Y,2018-01-28
8316,3307889,SII,0000SII001,29476,Mary,Harris,mary.harris@314-342-2000,652-912-8904,"CFP,CIMA",Wealth Management,23,15000000,Y,Y,2006-12-07
8319,2710400,OSAIC,0000OSA001,78879,James,Thomas,james.thomas@770-980-4400,894-351-7169,,Wealth Management,26,150000000,Y,Y,2003-06-16
8359,6678849,CAIS,0000CAI001,38893,Lisa,Johnson,lisa.johnson@212-300-9350,807-644-3434,,Retirement Planning,6,100000000,Y,Y,2003-04-13
8361,3893851,CAIS,0000CAI001,45755,Jessica,Taylor,jessica.taylor@212-300-9350,868-963-7150,CIMA,Private Wealth,25,150000000,N,Y,2008-11-21
8366,2956687,CAIS,0000CAI001,45058,Thomas,Thomas,thomas.thomas@212-300-9350,284-324-9015,"CFP,CFA",Retirement Planning,3,10000000,Y,Y,2018-10-19
8385,2586340,ICAP,0000ICA001,46559,Jessica,Wilson,jessica.wilson@212-994-7400,807-385-7290,,Institutional Sales,25,250000000,Y,Y,2018-03-04
8393,4101936,FIDO,0000FID001,31319,Richard,Williams,richard.williams@800-343-3548,615-917-1323,,Multi-Asset,25,300000000,N,Y,2002-09-27
8404,3081873,ICAP,0000ICA001,37215,Christopher,Young,christopher.young@212-994-7400,971-971-4399,CIMA,Wealth Management,25,300000000,Y,Y,2000-09-15
8417,4459963,RJ,0000RAJ001,51688,Richard,Brown,richard.brown@firm.com,868-365-2438,"CFP,CFA",Ultra High Net Worth,4,15000000,Y,Y,2002-02-17
8434,8097623,CAIS,0000CAI001,56112,Mary,Thomas,mary.thomas@212-300-9350,873-200-5068,"CFP,CIMA",Alternative Investments,20,15000000,Y,Y,2021-09-15
8438,6250195,ICAP,0000ICA001,47056,David,Robinson,david.robinson@212-994-7400,735-560-9818,"CFP,CFA",Retirement Planning,18,250000000,Y,Y,2021-01-08
8449,4610673,SII,0000SII001,37742,Sarah,Miller,sarah.miller@314-342-2000,337-816-4539,"CPWA,CFP",Family Office Services,7,25000000,Y,Y,2004-12-20
8457,5373391,OSAIC,0000OSA001,75031,Susan,Williams,susan.williams@770-980-4400,590-865-3675,,Private Wealth,20,25000000,Y,Y,2008-11-14
8479,5519776,OSAIC,0000OSA001,67840,David,Young,david.young@770-980-4400,848-913-4156,,Multi-Asset,9,10000000,Y,Y,2013-03-11
8491,5152322,CNTS,0000CNT001,76249,Susan,Jackson,susan.jackson@800-237-0081,279-476-3041,"CFP,CFA",Private Equity,3,150000000,N,Y,2002-06-21
8498,5584424,ICAP,0000ICA001,18270,Michael,Thomas,michael.thomas@212-994-7400,349-431-5483,CFP,Private Equity,13,300000000,N,Y,2007-07-04
8504,6143048,MER,0000MER001,49535,Patricia,Garcia,patricia.garcia@212-449-1000,802-701-2565,"CFP,CFA",Family Office Services,19,250000000,Y,Y,2017-05-20
8508,7535788,MS,0000MOR001,11220,Patricia,Johnson,patricia.johnson@212-761-4000,385-553-9711,"CFP,CFA",Institutional Sales,8,30000000,N,Y,2018-03-09
8532,3120109,FIDO,0000FID001,93307,James,Thompson,james.thompson@800-343-3548,346-587-5380,CFP,Family Office Services,25,15000000,Y,Y,2021-10-14
8546,8862907,ICAP,0000ICA001,42441,Thomas,Garcia,thomas.garcia@212-994-7400,714-493-5519,,Multi-Asset,17,30000000,Y,Y,2009-11-28
8648,6246854,CNTS,0000CNT001,77466,Michael,Taylor,michael.taylor@800-237-0081,292-849-2302,CIMA,Retirement Planning,16,300000000,Y,Y,2005-10-02
8651,1179426,UBS,0000UBS001,63883,Michael,Taylor,michael.taylor@212-713-2000,634-893-9334,CPWA,Private Wealth,20,75000000,N,Y,2016-11-22
8657,4190758,SCHW,0000SCH001,31632,Karen,Brown,karen.brown@415-667-7000,963-207-7962,"CFP,CFA",Family Office Services,15,5000000,Y,Y,2021-09-22
8692,3827503,LPL,0000LPL001,19807,Nancy,Johnson,nancy.johnson@858-450-9606,890-982-9577,CFA,Wealth Management,22,75000000,Y,Y,2011-03-17
8708,7360154,MER,0000MER001,32962,Barbara,Johnson,barbara.johnson@212-449-1000,374-582-2855,,Retirement Planning,16,75000000,Y,Y,2009-05-16
8710,7603872,UBS,0000UBS001,88317,Mary,Wilson,mary.wilson@212-713-2000,422-512-9446,CFP,Private Wealth,9,5000000,N,Y,2001-06-01
8728,6937335,MS,0000MOR001,17679,Nancy,Harris,nancy.harris@212-761-4000,309-205-6729,CPWA,Institutional Sales,13,25000000,Y,Y,2000-02-14
8734,9628834,MER,0000MER001,19046,Jessica,Miller,jessica.miller@212-449-1000,357-620-3029,,Alternative Investments,5,100000000,Y,Y,2021-05-08
8749,7115223,UBS,0000UBS001,41850,Jessica,Jackson,jessica.jackson@212-713-2000,638-386-9788,"CFP,CIMA",Private Equity,14,25000000,N,Y,2021-08-06
8775,1097479,CETA,0000CET001,33276,David,Thomas,david.thomas@800-245-0467,567-926-4251,CIMA,Retirement Planning,26,50000000,Y,Y,2001-03-13
8811,4338530,UBS,0000UBS001,86569,Susan,Anderson,susan.anderson@212-713-2000,690-881-5354,CIMA,Institutional Sales,4,15000000,N,Y,2017-08-26
8861,7708806,RJ,0000RAJ001,51555,David,Anderson,david.anderson@firm.com,713-943-7370,CPWA,Private Equity,27,300000000,Y,Y,2000-03-05
8871,4967894,SII,0000SII001,16731,Barbara,Thompson,barbara.thompson@314-342-2000,253-894-6605,,Alternative Investments,3,300000000,N,Y,2015-05-10
8873,5156509,MS,0000MOR001,16839,Jessica,Williams,jessica.williams@212-761-4000,832-356-9376,CPWA,Retirement Planning,27,50000000,Y,Y,2003-05-23
8909,2729141,MS,0000MOR001,54295,Jennifer,White,jennifer.white@212-761-4000,917-947-9230,"CPWA,CFP",Wealth Management,9,75000000,Y,Y,2018-11-21
8967,7732414,FIDO,0000FID001,54791,David,Davis,david.davis@800-343-3548,239-480-4148,CPWA,Institutional Sales,6,15000000,Y,Y,2019-04-03
8982,6141309,RJ,0000RAJ001,93789,Sarah,Jackson,sarah.jackson@firm.com,916-848-4791,CFA,Family Office Services,16,100000000,N,Y,2015-01-17
8988,5517199,OSAIC,0000OSA001,33834,Susan,Johnson,susan.johnson@770-980-4400,572-487-6751,,Retirement Planning,12,10000000,Y,Y,2001-03-02
8993,6396217,UBS,0000UBS001,96413,James,Johnson,james.johnson@212-713-2000,417-492-8734,"CFP,CIMA",Private Equity,24,250000000,N,Y,2005-05-16
8997,2625497,NPC,0000NPC001,73318,Barbara,Anderson,barbara.anderson@602-224-2000,885-213-3134,,Family Office Services,12,10000000,Y,Y,2018-09-20
9005,4523774,SII,0000SII001,43728,Barbara,Davis,barbara.davis@314-342-2000,798-593-2429,CIMA,Wealth Management,23,25000000,Y,Y,2001-10-21
9025,2654861,VSR,0000VSR001,79774,Robert,Miller,robert.miller@918-663-1414,276-759-6618,"CFP,CIMA",Private Wealth,25,75000000,Y,Y,2017-12-05
9031,5236674,VSR,0000VSR001,54922,Sarah,Jones,sarah.jones@918-663-1414,977-773-6690,,Private Wealth,9,50000000,Y,Y,2013-02-16
9041,1366999,UBS,0000UBS001,72402,Susan,Thompson,susan.thompson@212-713-2000,370-813-5491,CPWA,Ultra High Net Worth,19,300000000,Y,Y,2018-01-26
9042,9933361,RJ,0000RAJ001,93606,Robert,Jackson,robert.jackson@firm.com,725-276-3711,,Multi-Asset,18,200000000,N,Y,2017-07-13
9056,1060407,MS,0000MOR001,63626,Nancy,Wilson,nancy.wilson@212-761-4000,363-785-4568,"CPWA,CFP",Alternative Investments,9,15000000,N,Y,2016-12-24
9078,5972157,LPL,0000LPL001,64266,Charles,Wilson,charles.wilson@858-450-9606,925-474-2951,CPWA,Retirement Planning,12,20000000,Y,Y,2017-04-10
9083,5537143,RJ,0000RAJ001,58270,Sarah,Jones,sarah.jones@firm.com,252-857-5079,CFA,Multi-Asset,11,15000000,Y,Y,2000-11-12
9095,5429825,RJ,0000RAJ001,33218,Nancy,Thomas,nancy.thomas@firm.com,939-336-7690,"CPWA,CFP",Ultra High Net Worth,13,10000000,Y,Y,2001-11-27
9108,5692416,CAIS,0000CAI001,41370,James,Thomas,james.thomas@212-300-9350,380-462-1256,"CFP,CFA",Private Equity,10,250000000,N,Y,2020-05-28
9176,4701708,FIDO,0000FID001,34385,Nancy,Young,nancy.young@800-343-3548,532-475-4341,"CPWA,CFP",Institutional Sales,9,75000000,Y,Y,2014-04-24
9179,2571875,SCHW,0000SCH001,37869,Susan,Thomas,susan.thomas@415-667-7000,707-385-8526,CPWA,Wealth Management,7,75000000,Y,Y,2018-08-24
9199,3733321,NPC,0000NPC001,99070,Lisa,Taylor,lisa.taylor@602-224-2000,381-603-4077,CIMA,Wealth Management,3,25000000,Y,Y,2013-04-15
9204,3303365,CNTS,0000CNT001,20279,Joseph,Brown,joseph.brown@800-237-0081,944-968-1193,"CPWA,CFP",Private Equity,26,100000000,N,Y,2012-01-04
9221,2402500,LPL,0000LPL001,63788,James,Johnson,james.johnson@858-450-9606,474-346-1221,CFP,Private Equity,7,20000000,Y,Y,2002-04-05
9234,6157064,UBS,0000UBS001,22245,Jessica,Robinson,jessica.robinson@212-713-2000,539-690-3531,CFA,Alternative Investments,17,15000000,Y,Y,2020-09-04
9275,5978445,ICAP,0000ICA001,70846,James,Johnson,james.johnson@212-994-7400,305-723-7804,CPWA,Alternative Investments,6,100000000,Y,Y,2000-04-14
9289,5812480,OSAIC,0000OSA001,19038,Joseph,Jones,joseph.jones@770-980-4400,431-900-7303,CIMA,Private Wealth,14,200000000,Y,Y,2003-04-04
9300,6598972,NPC,0000NPC001,62163,Mary,Thomas,mary.thomas@602-224-2000,321-569-2389,CFP,Wealth Management,5,150000000,Y,Y,2013-09-11
9308,3520273,SCHW,0000SCH001,49363,Nancy,Garcia,nancy.garcia@415-667-7000,883-903-5940,"CPWA,CFP",Ultra High Net Worth,24,50000000,Y,Y,2003-05-16
9318,2281267,UBS,0000UBS001,54548,Barbara,Wilson,barbara.wilson@212-713-2000,202-352-3401,,Wealth Management,28,250000000,N,Y,2014-12-26
9335,8171473,CNTS,0000CNT001,57381,Jessica,Williams,jessica.williams@800-237-0081,944-485-3370,CIMA,Family Office Services,6,150000000,Y,Y,2005-07-12
9341,7944833,FIDO,0000FID001,36090,Richard,Martin,richard.martin@800-343-3548,816-851-6463,CPWA,Retirement Planning,16,75000000,N,Y,2013-09-16
9348,9996153,VSR,0000VSR001,28131,Karen,Young,karen.young@918-663-1414,435-593-2369,"CPWA,CFP",Institutional Sales,18,100000000,Y,Y,2002-04-12
9361,8951164,MS,0000MOR001,21919,James,Miller,james.miller@212-761-4000,336-312-1976,,Family Office Services,3,30000000,Y,Y,2009-08-05
9369,4767947,RJ,0000RAJ001,82053,Karen,White,karen.white@firm.com,257-964-3257,CIMA,Wealth Management,10,20000000,N,Y,2000-12-14
9406,2237660,CETA,0000CET001,57619,Barbara,Johnson,barbara.johnson@800-245-0467,688-808-3591,CFP,Wealth Management,25,10000000,Y,Y,2004-02-08
9408,3511838,VSR,0000VSR001,57453,Michael,Smith,michael.smith@918-663-1414,983-386-8696,CPWA,Multi-Asset,21,50000000,Y,Y,2015-07-24
9442,1221617,NPC,0000NPC001,66059,Richard,Harris,richard.harris@602-224-2000,493-313-3554,CFP,Alternative Investments,28,200000000,Y,Y,2016-03-01
9444,5329433,RJ,0000RAJ001,50642,Joseph,White,joseph.white@firm.com,785-713-6014,CFA,Institutional Sales,24,75000000,Y,Y,2008-02-17
9445,7717637,CETA,0000CET001,47196,Joseph,Jones,joseph.jones@800-245-0467,833-257-4586,,Wealth Management,26,20000000,Y,Y,2014-08-11
9447,7232368,SCHW,0000SCH001,62802,Joseph,Jackson,joseph.jackson@415-667-7000,862-634-4190,"CFP,CIMA",Private Equity,8,5000000,Y,Y,2002-06-20
9462,3730666,SCHW,0000SCH001,73499,Richard,Smith,richard.smith@415-667-7000,754-309-2070,CFA,Alternative Investments,10,25000000,Y,Y,2006-09-07
9479,1752869,VSR,0000VSR001,67422,Sarah,Davis,sarah.davis@918-663-1414,777-695-1748,CFP,Family Office Services,11,10000000,Y,Y,2009-01-12
9486,6275972,CETA,0000CET001,33053,Mary,Jackson,mary.jackson@800-245-0467,969-600-6830,CPWA,Private Equity,19,20000000,Y,Y,2013-12-17
9499,3519714,OSAIC,0000OSA001,76935,Patricia,Thompson,patricia.thompson@770-980-4400,224-801-7260,,Alternative Investments,28,300000000,Y,Y,2005-03-22
9507,4885101,ICAP,0000ICA001,58148,Thomas,Williams,thomas.williams@212-994-7400,420-897-3307,CPWA,Multi-Asset,23,10000000,Y,Y,2014-03-11
9508,1671305,CAIS,0000CAI001,72094,Mary,Thomas,mary.thomas@212-300-9350,929-992-7350,CFA,Retirement Planning,22,50000000,Y,Y,2004-10-21
9530,3392808,CNTS,0000CNT001,49602,Jessica,Brown,jessica.brown@800-237-0081,984-516-9964,CIMA,Private Wealth,28,5000000,Y,Y,2014-06-06
9537,7095636,SCHW,0000SCH001,84967,Mary,Garcia,mary.garcia@415-667-7000,561-291-2165,CPWA,Private Wealth,5,25000000,Y,Y,2015-05-25
9568,9191626,LPL,0000LPL001,55443,Thomas,Jones,thomas.jones@858-450-9606,240-572-5696,,Institutional Sales,6,150000000,Y,Y,2014-06-17
9598,7932248,CNTS,0000CNT001,11620,Nancy,Anderson,nancy.anderson@800-237-0081,718-660-5306,CFP,Alternative Investments,14,10000000,Y,Y,2017-01-05
9617,7698813,CAIS,0000CAI001,23069,Patricia,Taylor,patricia.taylor@212-300-9350,274-428-7360,,Private Equity,15,15000000,Y,Y,2014-08-21
9641,4024485,CETA,0000CET001,75916,Karen,Harris,karen.harris@800-245-0467,949-310-7503,,Retirement Planning,6,10000000,N,Y,2010-02-11
9666,8989636,CNTS,0000CNT001,90173,Richard,Lewis,richard.lewis@800-237-0081,317-485-8447,CFP,Multi-Asset,18,20000000,Y,Y,2015-03-21
9683,7380120,SII,0000SII001,64592,Robert,Anderson,robert.anderson@314-342-2000,263-570-8046,,Retirement Planning,21,5000000,Y,Y,2006-01-25
9689,3954562,CAIS,0000CAI001,80697,Susan,Wilson,susan.wilson@212-300-9350,285-345-2134,"CFP,CIMA",Institutional Sales,11,200000000,Y,Y,2009-12-15
9702,5352802,LPL,0000LPL001,97500,Susan,Thompson,susan.thompson@858-450-9606,388-255-2514,,Family Office Services,9,200000000,Y,Y,2005-04-12
9742,3695916,FIDO,0000FID001,98389,Susan,Martin,susan.martin@800-343-3548,913-647-6811,"CPWA,CFP",Institutional Sales,18,100000000,Y,Y,2017-10-07
9743,6431331,FIDO,0000FID001,44934,Michael,Robinson,michael.robinson@800-343-3548,880-951-6185,CFP,Wealth Management,22,15000000,N,Y,2004-08-28
9751,7818036,SII,0000SII001,11854,Richard,Brown,richard.brown@314-342-2000,469-733-1060,,Wealth Management,28,200000000,N,Y,2020-10-04
9756,8049385,MER,0000MER001,18300,Sarah,Miller,sarah.miller@212-449-1000,913-759-3721,"CPWA,CFP",Institutional Sales,26,20000000,Y,Y,2011-04-07
9775,1271644,MS,0000MOR001,47498,Christopher,Smith,christopher.smith@212-761-4000,509-514-9226,CIMA,Private Wealth,14,30000000,N,Y,2013-07-12
9779,6634235,RJ,0000RAJ001,25670,Barbara,Young,barbara.young@firm.com,316-380-8517,,Family Office Services,16,100000000,Y,Y,2017-10-06
9785,8339925,SII,0000SII001,99065,Karen,White,karen.white@314-342-2000,849-490-2625,CIMA,Private Equity,15,25000000,Y,Y,2020-01-20
9791,2672723,CETA,0000CET001,93956,Susan,Brown,susan.brown@800-245-0467,848-654-9247,"CPWA,CFP",Alternative Investments,18,250000000,Y,Y,2013-04-08
9792,4280956,VSR,0000VSR001,36497,Thomas,Young,thomas.young@918-663-1414,680-327-6744,,Institutional Sales,15,10000000,N,Y,2000-06-26
9817,5437558,MS,0000MOR001,90728,Jennifer,Thompson,jennifer.thompson@212-761-4000,514-624-4957,CFP,Institutional Sales,12,25000000,Y,Y,2000-01-05
9827,6326278,SII,0000SII001,88231,Barbara,Thompson,barbara.thompson@314-342-2000,543-374-8045,CFA,Multi-Asset,26,150000000,N,Y,2006-10-21
9830,8199144,CNTS,0000CNT001,83579,Joseph,Johnson,joseph.johnson@800-237-0081,331-851-7396,CPWA,Institutional Sales,28,150000000,Y,Y,2016-03-14
9835,3119470,CETA,0000CET001,37760,Jennifer,Brown,jennifer.brown@800-245-0467,716-321-7422,"CFP,CIMA",Multi-Asset,25,300000000,Y,Y,2010-04-03
9843,3567729,UBS,0000UBS001,76543,Michael,Smith,michael.smith@212-713-2000,228-832-9907,CIMA,Institutional Sales,16,5000000,Y,Y,2004-08-21
9882,4720435,ICAP,0000ICA001,82089,Barbara,Garcia,barbara.garcia@212-994-7400,504-398-9772,CFA,Institutional Sales,10,200000000,Y,Y,2021-01-09
9889,2735086,RJ,0000RAJ001,96200,Michael,Jones,michael.jones@firm.com,313-670-3010,CIMA,Wealth Management,23,5000000,Y,Y,2008-03-03
9939,7556539,SCHW,0000SCH001,87624,Michael,Martin,michael.martin@415-667-7000,303-702-1359,,Private Equity,14,20000000,N,Y,2020-02-07
9967,8564486,UBS,0000UBS001,54270,Susan,Jackson,susan.jackson@212-713-2000,364-384-5894,CFP,Wealth Management,13,200000000,Y,Y,2003-06-12
9976,1084130,NPC,0000NPC001,65933,Jessica,Lewis,jessica.lewis@602-224-2000,362-734-5169,CIMA,Retirement Planning,22,100000000,Y,Y,2017-01-17
9984,2925830,CNTS,0000CNT001,46046,Charles,Jones,charles.jones@800-237-0081,422-230-6366,CPWA,Retirement Planning,9,30000000,Y,Y,2004-05-09
9996,5937884,VSR,0000VSR001,83024,Jessica,Miller,jessica.miller@918-663-1414,678-963-9123,,Multi-Asset,5,30000000,N,Y,2006-05-06
9998,6227531,MS,0000MOR001,64505,Robert,Wilson,robert.wilson@212-761-4000,369-410-8992,,Private Wealth,15,10000000,N,Y,2019-12-09
