notice_id,capital_call_id,commitment_id,investor_id,fund_id,feeder_id,offering_id,call_number,call_date,due_date,committed_amount_usd,call_percentage,call_amount_usd,equalization_amount_usd,total_due_usd,payment_status,payment_date,payment_reference,bank_account,unfunded_commitment_usd,cumulative_called_pct
CCN-00001,FUND-ACO-V-CC1,COMM-0001,INV-0021,FUND-ACO-V,FUND-ACO-V-DOM,FUND-ACO-V-DOM-A,1,2023-08-08,2023-08-22,29820000.0,30.0,8946000.0,0.0,8946000.0,Paid,2023-08-25,WIRE-000001,CITI-200300400,20874000.0,30.0
CCN-00002,FUND-ACO-V-CC2,COMM-0001,INV-0021,FUND-ACO-V,FUND-ACO-V-DOM,FUND-ACO-V-DOM-A,2,2024-01-23,2024-02-06,29820000.0,25.0,7455000.0,0.0,7455000.0,Paid,2024-02-09,WIRE-000002,BOFA-300400500,13419000.0,55.0
CCN-00003,FUND-ABF-IX-CC1,COMM-0002,INV-0033,FUND-ABF-IX,FUND-ABF-IX-OFF,FUND-ABF-IX-OFF-A,1,2021-08-08,2021-08-20,426410000.0,30.0,127923000.0,0.0,127923000.0,Pending,,,GS-400500600,298487000.0,30.0
CCN-00004,FUND-ABF-IX-CC2,COMM-0002,INV-0033,FUND-ABF-IX,FUND-ABF-IX-OFF,FUND-ABF-IX-OFF-A,2,2021-11-28,2021-12-10,426410000.0,25.0,106602500.0,0.0,106602500.0,Paid,2021-12-14,WIRE-000004,GS-400500600,191884500.0,55.0
CCN-00005,FUND-AIP-II-CC1,COMM-0003,INV-0016,FUND-AIP-II,FUND-AIP-II-OFF,FUND-AIP-II-OFF-A,1,2021-08-23,2021-09-06,64340000.0,30.0,19302000.0,0.0,19302000.0,Paid,2021-09-08,WIRE-000005,JPMC-100200300,45038000.0,30.0
CCN-00006,FUND-AIP-II-CC2,COMM-0003,INV-0016,FUND-AIP-II,FUND-AIP-II-OFF,FUND-AIP-II-OFF-A,2,2022-05-01,2022-05-13,64340000.0,25.0,16085000.0,0.0,16085000.0,Paid,2022-05-17,WIRE-000006,GS-400500600,28953000.0,55.0
CCN-00007,FUND-AGE-I-CC1,COMM-0004,INV-0039,FUND-AGE-I,FUND-AGE-I-OFF,FUND-AGE-I-OFF-A,1,2019-08-18,2019-08-30,311590000.0,30.0,93477000.0,0.0,93477000.0,Paid,2019-08-30,WIRE-000007,GS-400500600,218113000.0,30.0
CCN-00008,FUND-AGE-I-CC2,COMM-0004,INV-0039,FUND-AGE-I,FUND-AGE-I-OFF,FUND-AGE-I-OFF-A,2,2020-05-18,2020-06-01,311590000.0,25.0,77897500.0,0.0,77897500.0,Paid,2020-06-03,WIRE-000008,GS-400500600,140215500.0,55.0
CCN-00009,FUND-ACO-IV-CC1,COMM-0005,INV-0014,FUND-ACO-IV,FUND-ACO-IV-DOM,FUND-ACO-IV-DOM-A,1,2021-08-17,2021-08-31,123150000.0,30.0,36945000.0,0.0,36945000.0,Paid,2021-08-31,WIRE-000009,GS-400500600,86205000.0,30.0
CCN-00010,FUND-ACO-IV-CC2,COMM-0005,INV-0014,FUND-ACO-IV,FUND-ACO-IV-DOM,FUND-ACO-IV-DOM-A,2,2022-02-19,2022-03-04,123150000.0,25.0,30787500.0,0.0,30787500.0,Paid,2022-03-09,WIRE-000010,HSBC-600700800,55417500.0,55.0
CCN-00011,FUND-AGE-II-CC1,COMM-0006,INV-0020,FUND-AGE-II,FUND-AGE-II-DOM,FUND-AGE-II-DOM-A,1,2022-08-22,2022-09-05,161510000.0,30.0,48453000.0,0.0,48453000.0,Paid,2022-09-08,WIRE-000011,CITI-200300400,113057000.0,30.0
CCN-00012,FUND-AGE-II-CC2,COMM-0006,INV-0020,FUND-AGE-II,FUND-AGE-II-DOM,FUND-AGE-II-DOM-A,2,2023-02-10,2023-02-24,161510000.0,25.0,40377500.0,0.0,40377500.0,Paid,2023-02-24,WIRE-000012,HSBC-600700800,72679500.0,55.0
CCN-00013,FUND-AGE-II-CC1,COMM-0007,INV-0040,FUND-AGE-II,FUND-AGE-II-OFF,FUND-AGE-II-OFF-A,1,2022-08-22,2022-09-05,41260000.0,30.0,12378000.0,0.0,12378000.0,Paid,2022-09-07,WIRE-000013,WF-500600700,28882000.0,30.0
CCN-00014,FUND-AGE-II-CC2,COMM-0007,INV-0040,FUND-AGE-II,FUND-AGE-II-OFF,FUND-AGE-II-OFF-A,2,2023-02-10,2023-02-24,41260000.0,25.0,10315000.0,0.0,10315000.0,Paid,2023-03-01,WIRE-000014,GS-400500600,18567000.0,55.0
CCN-00015,FUND-ABF-X-CC1,COMM-0008,INV-0023,FUND-ABF-X,FUND-ABF-X-OFF,FUND-ABF-X-OFF-A,1,2023-08-26,2023-09-08,440240000.0,30.0,132072000.0,0.0,132072000.0,Paid,2023-09-11,WIRE-000015,HSBC-600700800,308168000.0,30.0
CCN-00016,FUND-ABF-X-CC2,COMM-0008,INV-0023,FUND-ABF-X,FUND-ABF-X-OFF,FUND-ABF-X-OFF-A,2,2024-03-26,2024-04-09,440240000.0,25.0,110060000.0,0.0,110060000.0,Paid,2024-04-09,WIRE-000016,HSBC-600700800,198108000.0,55.0
CCN-00017,FUND-AGE-I-CC1,COMM-0009,INV-0029,FUND-AGE-I,FUND-AGE-I-DOM,FUND-AGE-I-DOM-A,1,2019-08-18,2019-08-30,307780000.0,30.0,92334000.0,0.0,92334000.0,Paid,2019-08-30,WIRE-000017,JPMC-100200300,215446000.0,30.0
CCN-00018,FUND-AGE-I-CC2,COMM-0009,INV-0029,FUND-AGE-I,FUND-AGE-I-DOM,FUND-AGE-I-DOM-A,2,2020-05-18,2020-06-01,307780000.0,25.0,76945000.0,0.0,76945000.0,Late,2020-06-22,WIRE-000018,GS-400500600,138501000.0,55.0
CCN-00019,FUND-ABF-X-CC1,COMM-0010,INV-0036,FUND-ABF-X,FUND-ABF-X-MAIN,FUND-ABF-X-MAIN-B,1,2023-08-26,2023-09-08,466220000.0,30.0,139866000.0,0.0,139866000.0,Late,2023-09-21,WIRE-000019,GS-400500600,326354000.0,30.0
CCN-00020,FUND-ABF-X-CC2,COMM-0010,INV-0036,FUND-ABF-X,FUND-ABF-X-MAIN,FUND-ABF-X-MAIN-B,2,2024-03-26,2024-04-09,466220000.0,25.0,116555000.0,0.0,116555000.0,Paid,2024-04-12,WIRE-000020,WF-500600700,209799000.0,55.0
CCN-00021,FUND-ARA-III-CC1,COMM-0011,INV-0008,FUND-ARA-III,FUND-ARA-III-OFF,FUND-ARA-III-OFF-A,1,2020-07-02,2020-07-16,372500000.0,30.0,111750000.0,0.0,111750000.0,Paid,2020-07-17,WIRE-000021,GS-400500600,260750000.0,30.0
CCN-00022,FUND-ARA-III-CC2,COMM-0011,INV-0008,FUND-ARA-III,FUND-ARA-III-OFF,FUND-ARA-III-OFF-A,2,2020-11-06,2020-11-20,372500000.0,25.0,93125000.0,0.0,93125000.0,Paid,2020-11-23,WIRE-000022,GS-400500600,167625000.0,55.0
CCN-00023,FUND-AIP-III-CC1,COMM-0012,INV-0039,FUND-AIP-III,FUND-AIP-III-DOM,FUND-AIP-III-DOM-A,1,2023-08-07,2023-08-21,360220000.0,30.0,108066000.0,0.0,108066000.0,Paid,2023-08-24,WIRE-000023,BOFA-300400500,252154000.0,30.0
CCN-00024,FUND-AIP-III-CC2,COMM-0012,INV-0039,FUND-AIP-III,FUND-AIP-III-DOM,FUND-AIP-III-DOM-A,2,2023-11-24,2023-12-08,360220000.0,25.0,90055000.0,0.0,90055000.0,Late,2023-12-27,WIRE-000024,BOFA-300400500,162099000.0,55.0
CCN-00025,FUND-ACO-V-CC1,COMM-0013,INV-0032,FUND-ACO-V,FUND-ACO-V-OFF,FUND-ACO-V-OFF-A,1,2023-08-08,2023-08-22,453140000.0,30.0,135942000.0,0.0,135942000.0,Paid,2023-08-24,WIRE-000025,JPMC-100200300,317198000.0,30.0
CCN-00026,FUND-ACO-V-CC2,COMM-0013,INV-0032,FUND-ACO-V,FUND-ACO-V-OFF,FUND-ACO-V-OFF-A,2,2024-01-23,2024-02-06,453140000.0,25.0,113285000.0,0.0,113285000.0,Paid,2024-02-09,WIRE-000026,WF-500600700,203913000.0,55.0
CCN-00027,FUND-ARA-III-CC1,COMM-0014,INV-0028,FUND-ARA-III,FUND-ARA-III-MAIN,FUND-ARA-III-MAIN-B,1,2020-07-02,2020-07-16,26820000.0,30.0,8046000.0,0.0,8046000.0,Paid,2020-07-20,WIRE-000027,GS-400500600,18774000.0,30.0
CCN-00028,FUND-ARA-III-CC2,COMM-0014,INV-0028,FUND-ARA-III,FUND-ARA-III-MAIN,FUND-ARA-III-MAIN-B,2,2020-11-06,2020-11-20,26820000.0,25.0,6705000.0,0.0,6705000.0,Paid,2020-11-25,WIRE-000028,BOFA-300400500,12069000.0,55.0
CCN-00029,FUND-ARA-III-CC1,COMM-0015,INV-0017,FUND-ARA-III,FUND-ARA-III-DOM,FUND-ARA-III-DOM-A,1,2020-07-02,2020-07-16,371910000.0,30.0,111573000.0,0.0,111573000.0,Paid,2020-07-17,WIRE-000029,BOFA-300400500,260337000.0,30.0
CCN-00030,FUND-ARA-III-CC2,COMM-0015,INV-0017,FUND-ARA-III,FUND-ARA-III-DOM,FUND-ARA-III-DOM-A,2,2020-11-06,2020-11-20,371910000.0,25.0,92977500.0,0.0,92977500.0,Paid,2020-11-25,WIRE-000030,WF-500600700,167359500.0,55.0
CCN-00031,FUND-AIP-III-CC1,COMM-0016,INV-0001,FUND-AIP-III,FUND-AIP-III-OFF,FUND-AIP-III-OFF-A,1,2023-08-07,2023-08-21,42250000.0,30.0,12675000.0,0.0,12675000.0,Paid,2023-08-24,WIRE-000031,HSBC-600700800,29575000.0,30.0
CCN-00032,FUND-AIP-III-CC2,COMM-0016,INV-0001,FUND-AIP-III,FUND-AIP-III-OFF,FUND-AIP-III-OFF-A,2,2023-11-24,2023-12-08,42250000.0,25.0,10562500.0,0.0,10562500.0,Pending,,,GS-400500600,19012500.0,55.0
CCN-00033,FUND-ABF-IX-CC1,COMM-0017,INV-0003,FUND-ABF-IX,FUND-ABF-IX-DOM,FUND-ABF-IX-DOM-A,1,2021-08-08,2021-08-20,293340000.0,30.0,88002000.0,0.0,88002000.0,Pending,,,HSBC-600700800,205338000.0,30.0
CCN-00034,FUND-ABF-IX-CC2,COMM-0017,INV-0003,FUND-ABF-IX,FUND-ABF-IX-DOM,FUND-ABF-IX-DOM-A,2,2021-11-28,2021-12-10,293340000.0,25.0,73335000.0,0.0,73335000.0,Pending,,,GS-400500600,132003000.0,55.0
CCN-00035,FUND-ABF-IX-CC1,COMM-0018,INV-0003,FUND-ABF-IX,FUND-ABF-IX-MAIN,FUND-ABF-IX-MAIN-B,1,2021-08-08,2021-08-20,185500000.0,30.0,55650000.0,0.0,55650000.0,Paid,2021-08-20,WIRE-000035,WF-500600700,129850000.0,30.0
CCN-00036,FUND-ABF-IX-CC2,COMM-0018,INV-0003,FUND-ABF-IX,FUND-ABF-IX-MAIN,FUND-ABF-IX-MAIN-B,2,2021-11-28,2021-12-10,185500000.0,25.0,46375000.0,0.0,46375000.0,Paid,2021-12-15,WIRE-000036,GS-400500600,83475000.0,55.0
CCN-00037,FUND-ARA-IV-CC1,COMM-0019,INV-0016,FUND-ARA-IV,FUND-ARA-IV-DOM,FUND-ARA-IV-DOM-A,1,2022-07-15,2022-07-29,180070000.0,30.0,54021000.0,0.0,54021000.0,Paid,2022-08-01,WIRE-000037,CITI-200300400,126049000.0,30.0
CCN-00038,FUND-ARA-IV-CC2,COMM-0019,INV-0016,FUND-ARA-IV,FUND-ARA-IV-DOM,FUND-ARA-IV-DOM-A,2,2023-04-17,2023-05-01,180070000.0,25.0,45017500.0,0.0,45017500.0,Paid,2023-05-03,WIRE-000038,JPMC-100200300,81031500.0,55.0
CCN-00039,FUND-ABF-X-CC1,COMM-0020,INV-0010,FUND-ABF-X,FUND-ABF-X-DOM,FUND-ABF-X-DOM-A,1,2023-08-26,2023-09-08,432980000.0,30.0,129894000.0,0.0,129894000.0,Paid,2023-09-08,WIRE-000039,HSBC-600700800,303086000.0,30.0
CCN-00040,FUND-ABF-X-CC2,COMM-0020,INV-0010,FUND-ABF-X,FUND-ABF-X-DOM,FUND-ABF-X-DOM-A,2,2024-03-26,2024-04-09,432980000.0,25.0,108245000.0,0.0,108245000.0,Paid,2024-04-12,WIRE-000040,BOFA-300400500,194841000.0,55.0
CCN-00041,FUND-ACO-IV-CC1,COMM-0021,INV-0012,FUND-ACO-IV,FUND-ACO-IV-OFF,FUND-ACO-IV-OFF-A,1,2021-08-17,2021-08-31,392280000.0,30.0,117684000.0,0.0,117684000.0,Paid,2021-09-03,WIRE-000041,HSBC-600700800,274596000.0,30.0
CCN-00042,FUND-ACO-IV-CC2,COMM-0021,INV-0012,FUND-ACO-IV,FUND-ACO-IV-OFF,FUND-ACO-IV-OFF-A,2,2022-02-19,2022-03-04,392280000.0,25.0,98070000.0,0.0,98070000.0,Paid,2022-03-04,WIRE-000042,WF-500600700,176526000.0,55.0
CCN-00043,FUND-AIP-II-CC1,COMM-0022,INV-0011,FUND-AIP-II,FUND-AIP-II-DOM,FUND-AIP-II-DOM-A,1,2021-08-23,2021-09-06,194360000.0,30.0,58308000.0,0.0,58308000.0,Late,2021-09-16,WIRE-000043,HSBC-600700800,136052000.0,30.0
CCN-00044,FUND-AIP-II-CC2,COMM-0022,INV-0011,FUND-AIP-II,FUND-AIP-II-DOM,FUND-AIP-II-DOM-A,2,2022-05-01,2022-05-13,194360000.0,25.0,48590000.0,0.0,48590000.0,Paid,2022-05-13,WIRE-000044,HSBC-600700800,87462000.0,55.0
CCN-00045,FUND-ARA-IV-CC1,COMM-0023,INV-0013,FUND-ARA-IV,FUND-ARA-IV-MAIN,FUND-ARA-IV-MAIN-B,1,2022-07-15,2022-07-29,178080000.0,30.0,53424000.0,0.0,53424000.0,Paid,2022-08-03,WIRE-000045,HSBC-600700800,124656000.0,30.0
CCN-00046,FUND-ARA-IV-CC2,COMM-0023,INV-0013,FUND-ARA-IV,FUND-ARA-IV-MAIN,FUND-ARA-IV-MAIN-B,2,2023-04-17,2023-05-01,178080000.0,25.0,44520000.0,0.0,44520000.0,Paid,2023-05-01,WIRE-000046,CITI-200300400,80136000.0,55.0
CCN-00047,FUND-ARA-IV-CC1,COMM-0024,INV-0013,FUND-ARA-IV,FUND-ARA-IV-OFF,FUND-ARA-IV-OFF-A,1,2022-07-15,2022-07-29,167490000.0,30.0,50247000.0,0.0,50247000.0,Paid,2022-08-02,WIRE-000047,JPMC-100200300,117243000.0,30.0
CCN-00048,FUND-ARA-IV-CC2,COMM-0024,INV-0013,FUND-ARA-IV,FUND-ARA-IV-OFF,FUND-ARA-IV-OFF-A,2,2023-04-17,2023-05-01,167490000.0,25.0,41872500.0,0.0,41872500.0,Paid,2023-05-04,WIRE-000048,GS-400500600,75370500.0,55.0
CCN-00049,FUND-ACO-V-CC1,COMM-0025,INV-0033,FUND-ACO-V,FUND-ACO-V-DOM,FUND-ACO-V-DOM-A,1,2023-08-08,2023-08-22,341360000.0,30.0,102408000.0,0.0,102408000.0,Paid,2023-08-22,WIRE-000049,CITI-200300400,238952000.0,30.0
CCN-00050,FUND-ACO-V-CC2,COMM-0025,INV-0033,FUND-ACO-V,FUND-ACO-V-DOM,FUND-ACO-V-DOM-A,2,2024-01-23,2024-02-06,341360000.0,25.0,85340000.0,0.0,85340000.0,Paid,2024-02-07,WIRE-000050,WF-500600700,153612000.0,55.0
CCN-00051,FUND-ABF-IX-CC1,COMM-0026,INV-0008,FUND-ABF-IX,FUND-ABF-IX-OFF,FUND-ABF-IX-OFF-A,1,2021-08-08,2021-08-20,93390000.0,30.0,28017000.0,0.0,28017000.0,Paid,2021-08-25,WIRE-000051,WF-500600700,65373000.0,30.0
CCN-00052,FUND-ABF-IX-CC2,COMM-0026,INV-0008,FUND-ABF-IX,FUND-ABF-IX-OFF,FUND-ABF-IX-OFF-A,2,2021-11-28,2021-12-10,93390000.0,25.0,23347500.0,0.0,23347500.0,Paid,2021-12-14,WIRE-000052,HSBC-600700800,42025500.0,55.0
CCN-00053,FUND-AIP-II-CC1,COMM-0027,INV-0039,FUND-AIP-II,FUND-AIP-II-OFF,FUND-AIP-II-OFF-A,1,2021-08-23,2021-09-06,176120000.0,30.0,52836000.0,0.0,52836000.0,Late,2021-09-27,WIRE-000053,GS-400500600,123284000.0,30.0
CCN-00054,FUND-AIP-II-CC2,COMM-0027,INV-0039,FUND-AIP-II,FUND-AIP-II-OFF,FUND-AIP-II-OFF-A,2,2022-05-01,2022-05-13,176120000.0,25.0,44030000.0,0.0,44030000.0,Paid,2022-05-18,WIRE-000054,WF-500600700,79254000.0,55.0
CCN-00055,FUND-AGE-I-CC1,COMM-0028,INV-0033,FUND-AGE-I,FUND-AGE-I-OFF,FUND-AGE-I-OFF-A,1,2019-08-18,2019-08-30,195670000.0,30.0,58701000.0,0.0,58701000.0,Paid,2019-09-04,WIRE-000055,WF-500600700,136969000.0,30.0
CCN-00056,FUND-AGE-I-CC2,COMM-0028,INV-0033,FUND-AGE-I,FUND-AGE-I-OFF,FUND-AGE-I-OFF-A,2,2020-05-18,2020-06-01,195670000.0,25.0,48917500.0,0.0,48917500.0,Paid,2020-06-03,WIRE-000056,HSBC-600700800,88051500.0,55.0
CCN-00057,FUND-ACO-IV-CC1,COMM-0029,INV-0003,FUND-ACO-IV,FUND-ACO-IV-DOM,FUND-ACO-IV-DOM-A,1,2021-08-17,2021-08-31,5840000.0,30.0,1752000.0,0.0,1752000.0,Paid,2021-08-31,WIRE-000057,GS-400500600,4088000.0,30.0
CCN-00058,FUND-ACO-IV-CC2,COMM-0029,INV-0003,FUND-ACO-IV,FUND-ACO-IV-DOM,FUND-ACO-IV-DOM-A,2,2022-02-19,2022-03-04,5840000.0,25.0,1460000.0,0.0,1460000.0,Paid,2022-03-08,WIRE-000058,CITI-200300400,2628000.0,55.0
CCN-00059,FUND-AGE-II-CC1,COMM-0030,INV-0028,FUND-AGE-II,FUND-AGE-II-DOM,FUND-AGE-II-DOM-A,1,2022-08-22,2022-09-05,474690000.0,30.0,142407000.0,0.0,142407000.0,Paid,2022-09-08,WIRE-000059,HSBC-600700800,332283000.0,30.0
CCN-00060,FUND-AGE-II-CC2,COMM-0030,INV-0028,FUND-AGE-II,FUND-AGE-II-DOM,FUND-AGE-II-DOM-A,2,2023-02-10,2023-02-24,474690000.0,25.0,118672500.0,0.0,118672500.0,Paid,2023-02-24,WIRE-000060,BOFA-300400500,213610500.0,55.0
CCN-00061,FUND-AGE-II-CC1,COMM-0031,INV-0008,FUND-AGE-II,FUND-AGE-II-OFF,FUND-AGE-II-OFF-A,1,2022-08-22,2022-09-05,256030000.0,30.0,76809000.0,0.0,76809000.0,Paid,2022-09-07,WIRE-000061,HSBC-600700800,179221000.0,30.0
CCN-00062,FUND-AGE-II-CC2,COMM-0031,INV-0008,FUND-AGE-II,FUND-AGE-II-OFF,FUND-AGE-II-OFF-A,2,2023-02-10,2023-02-24,256030000.0,25.0,64007500.0,0.0,64007500.0,Paid,2023-02-28,WIRE-000062,CITI-200300400,115213500.0,55.0
CCN-00063,FUND-ABF-X-CC1,COMM-0032,INV-0026,FUND-ABF-X,FUND-ABF-X-OFF,FUND-ABF-X-OFF-A,1,2023-08-26,2023-09-08,279430000.0,30.0,83829000.0,0.0,83829000.0,Paid,2023-09-11,WIRE-000063,CITI-200300400,195601000.0,30.0
CCN-00064,FUND-ABF-X-CC2,COMM-0032,INV-0026,FUND-ABF-X,FUND-ABF-X-OFF,FUND-ABF-X-OFF-A,2,2024-03-26,2024-04-09,279430000.0,25.0,69857500.0,0.0,69857500.0,Paid,2024-04-09,WIRE-000064,HSBC-600700800,125743500.0,55.0
CCN-00065,FUND-AGE-I-CC1,COMM-0033,INV-0025,FUND-AGE-I,FUND-AGE-I-DOM,FUND-AGE-I-DOM-A,1,2019-08-18,2019-08-30,309680000.0,30.0,92904000.0,0.0,92904000.0,Paid,2019-09-03,WIRE-000065,GS-400500600,216776000.0,30.0
CCN-00066,FUND-AGE-I-CC2,COMM-0033,INV-0025,FUND-AGE-I,FUND-AGE-I-DOM,FUND-AGE-I-DOM-A,2,2020-05-18,2020-06-01,309680000.0,25.0,77420000.0,0.0,77420000.0,Paid,2020-06-03,WIRE-000066,HSBC-600700800,139356000.0,55.0
CCN-00067,FUND-ABF-X-CC1,COMM-0034,INV-0001,FUND-ABF-X,FUND-ABF-X-MAIN,FUND-ABF-X-MAIN-B,1,2023-08-26,2023-09-08,147020000.0,30.0,44106000.0,0.0,44106000.0,Paid,2023-09-11,WIRE-000067,GS-400500600,102914000.0,30.0
CCN-00068,FUND-ABF-X-CC2,COMM-0034,INV-0001,FUND-ABF-X,FUND-ABF-X-MAIN,FUND-ABF-X-MAIN-B,2,2024-03-26,2024-04-09,147020000.0,25.0,36755000.0,0.0,36755000.0,Paid,2024-04-11,WIRE-000068,WF-500600700,66159000.0,55.0
CCN-00069,FUND-ARA-III-CC1,COMM-0035,INV-0029,FUND-ARA-III,FUND-ARA-III-OFF,FUND-ARA-III-OFF-A,1,2020-07-02,2020-07-16,339440000.0,30.0,101832000.0,0.0,101832000.0,Paid,2020-07-20,WIRE-000069,BOFA-300400500,237608000.0,30.0
CCN-00070,FUND-ARA-III-CC2,COMM-0035,INV-0029,FUND-ARA-III,FUND-ARA-III-OFF,FUND-ARA-III-OFF-A,2,2020-11-06,2020-11-20,339440000.0,25.0,84860000.0,0.0,84860000.0,Pending,,,GS-400500600,152748000.0,55.0
CCN-00071,FUND-AIP-III-CC1,COMM-0036,INV-0011,FUND-AIP-III,FUND-AIP-III-DOM,FUND-AIP-III-DOM-A,1,2023-08-07,2023-08-21,145470000.0,30.0,43641000.0,0.0,43641000.0,Paid,2023-08-24,WIRE-000071,BOFA-300400500,101829000.0,30.0
CCN-00072,FUND-AIP-III-CC2,COMM-0036,INV-0011,FUND-AIP-III,FUND-AIP-III-DOM,FUND-AIP-III-DOM-A,2,2023-11-24,2023-12-08,145470000.0,25.0,36367500.0,0.0,36367500.0,Paid,2023-12-11,WIRE-000072,JPMC-100200300,65461500.0,55.0
CCN-00073,FUND-ACO-V-CC1,COMM-0037,INV-0016,FUND-ACO-V,FUND-ACO-V-OFF,FUND-ACO-V-OFF-A,1,2023-08-08,2023-08-22,116200000.0,30.0,34860000.0,0.0,34860000.0,Paid,2023-08-25,WIRE-000073,HSBC-600700800,81340000.0,30.0
CCN-00074,FUND-ACO-V-CC2,COMM-0037,INV-0016,FUND-ACO-V,FUND-ACO-V-OFF,FUND-ACO-V-OFF-A,2,2024-01-23,2024-02-06,116200000.0,25.0,29050000.0,0.0,29050000.0,Paid,2024-02-09,WIRE-000074,WF-500600700,52290000.0,55.0
CCN-00075,FUND-ARA-III-CC1,COMM-0038,INV-0003,FUND-ARA-III,FUND-ARA-III-MAIN,FUND-ARA-III-MAIN-B,1,2020-07-02,2020-07-16,492050000.0,30.0,147615000.0,0.0,147615000.0,Paid,2020-07-20,WIRE-000075,WF-500600700,344435000.0,30.0
CCN-00076,FUND-ARA-III-CC2,COMM-0038,INV-0003,FUND-ARA-III,FUND-ARA-III-MAIN,FUND-ARA-III-MAIN-B,2,2020-11-06,2020-11-20,492050000.0,25.0,123012500.0,0.0,123012500.0,Paid,2020-11-24,WIRE-000076,HSBC-600700800,221422500.0,55.0
CCN-00077,FUND-ARA-III-CC1,COMM-0039,INV-0027,FUND-ARA-III,FUND-ARA-III-DOM,FUND-ARA-III-DOM-A,1,2020-07-02,2020-07-16,360580000.0,30.0,108174000.0,0.0,108174000.0,Late,2020-07-24,WIRE-000077,HSBC-600700800,252406000.0,30.0
CCN-00078,FUND-ARA-III-CC2,COMM-0039,INV-0027,FUND-ARA-III,FUND-ARA-III-DOM,FUND-ARA-III-DOM-A,2,2020-11-06,2020-11-20,360580000.0,25.0,90145000.0,0.0,90145000.0,Paid,2020-11-20,WIRE-000078,HSBC-600700800,162261000.0,55.0
CCN-00079,FUND-AIP-III-CC1,COMM-0040,INV-0016,FUND-AIP-III,FUND-AIP-III-OFF,FUND-AIP-III-OFF-A,1,2023-08-07,2023-08-21,329750000.0,30.0,98925000.0,0.0,98925000.0,Paid,2023-08-22,WIRE-000079,WF-500600700,230825000.0,30.0
CCN-00080,FUND-AIP-III-CC2,COMM-0040,INV-0016,FUND-AIP-III,FUND-AIP-III-OFF,FUND-AIP-III-OFF-A,2,2023-11-24,2023-12-08,329750000.0,25.0,82437500.0,0.0,82437500.0,Paid,2023-12-13,WIRE-000080,HSBC-600700800,148387500.0,55.0
CCN-00081,FUND-ABF-IX-CC1,COMM-0041,INV-0015,FUND-ABF-IX,FUND-ABF-IX-DOM,FUND-ABF-IX-DOM-A,1,2021-08-08,2021-08-20,403030000.0,30.0,120909000.0,0.0,120909000.0,Paid,2021-08-20,WIRE-000081,BOFA-300400500,282121000.0,30.0
CCN-00082,FUND-ABF-IX-CC2,COMM-0041,INV-0015,FUND-ABF-IX,FUND-ABF-IX-DOM,FUND-ABF-IX-DOM-A,2,2021-11-28,2021-12-10,403030000.0,25.0,100757500.0,0.0,100757500.0,Paid,2021-12-10,WIRE-000082,CITI-200300400,181363500.0,55.0
CCN-00083,FUND-ABF-IX-CC1,COMM-0042,INV-0036,FUND-ABF-IX,FUND-ABF-IX-MAIN,FUND-ABF-IX-MAIN-B,1,2021-08-08,2021-08-20,459150000.0,30.0,137745000.0,0.0,137745000.0,Paid,2021-08-23,WIRE-000083,GS-400500600,321405000.0,30.0
CCN-00084,FUND-ABF-IX-CC2,COMM-0042,INV-0036,FUND-ABF-IX,FUND-ABF-IX-MAIN,FUND-ABF-IX-MAIN-B,2,2021-11-28,2021-12-10,459150000.0,25.0,114787500.0,0.0,114787500.0,Paid,2021-12-15,WIRE-000084,WF-500600700,206617500.0,55.0
CCN-00085,FUND-ARA-IV-CC1,COMM-0043,INV-0030,FUND-ARA-IV,FUND-ARA-IV-DOM,FUND-ARA-IV-DOM-A,1,2022-07-15,2022-07-29,475270000.0,30.0,142581000.0,0.0,142581000.0,Paid,2022-08-03,WIRE-000085,HSBC-600700800,332689000.0,30.0
CCN-00086,FUND-ARA-IV-CC2,COMM-0043,INV-0030,FUND-ARA-IV,FUND-ARA-IV-DOM,FUND-ARA-IV-DOM-A,2,2023-04-17,2023-05-01,475270000.0,25.0,118817500.0,0.0,118817500.0,Paid,2023-05-02,WIRE-000086,WF-500600700,213871500.0,55.0
CCN-00087,FUND-ABF-X-CC1,COMM-0044,INV-0029,FUND-ABF-X,FUND-ABF-X-DOM,FUND-ABF-X-DOM-A,1,2023-08-26,2023-09-08,373110000.0,30.0,111933000.0,0.0,111933000.0,Paid,2023-09-13,WIRE-000087,HSBC-600700800,261177000.0,30.0
CCN-00088,FUND-ABF-X-CC2,COMM-0044,INV-0029,FUND-ABF-X,FUND-ABF-X-DOM,FUND-ABF-X-DOM-A,2,2024-03-26,2024-04-09,373110000.0,25.0,93277500.0,0.0,93277500.0,Paid,2024-04-11,WIRE-000088,WF-500600700,167899500.0,55.0
CCN-00089,FUND-ACO-IV-CC1,COMM-0045,INV-0016,FUND-ACO-IV,FUND-ACO-IV-OFF,FUND-ACO-IV-OFF-A,1,2021-08-17,2021-08-31,384080000.0,30.0,115224000.0,0.0,115224000.0,Paid,2021-09-03,WIRE-000089,BOFA-300400500,268856000.0,30.0
CCN-00090,FUND-ACO-IV-CC2,COMM-0045,INV-0016,FUND-ACO-IV,FUND-ACO-IV-OFF,FUND-ACO-IV-OFF-A,2,2022-02-19,2022-03-04,384080000.0,25.0,96020000.0,0.0,96020000.0,Paid,2022-03-04,WIRE-000090,CITI-200300400,172836000.0,55.0
CCN-00091,FUND-AIP-II-CC1,COMM-0046,INV-0016,FUND-AIP-II,FUND-AIP-II-DOM,FUND-AIP-II-DOM-A,1,2021-08-23,2021-09-06,222740000.0,30.0,66822000.0,0.0,66822000.0,Paid,2021-09-08,WIRE-000091,BOFA-300400500,155918000.0,30.0
CCN-00092,FUND-AIP-II-CC2,COMM-0046,INV-0016,FUND-AIP-II,FUND-AIP-II-DOM,FUND-AIP-II-DOM-A,2,2022-05-01,2022-05-13,222740000.0,25.0,55685000.0,0.0,55685000.0,Paid,2022-05-16,WIRE-000092,JPMC-100200300,100233000.0,55.0
CCN-00093,FUND-ARA-IV-CC1,COMM-0047,INV-0018,FUND-ARA-IV,FUND-ARA-IV-MAIN,FUND-ARA-IV-MAIN-B,1,2022-07-15,2022-07-29,163260000.0,30.0,48978000.0,0.0,48978000.0,Paid,2022-08-01,WIRE-000093,GS-400500600,114282000.0,30.0
CCN-00094,FUND-ARA-IV-CC2,COMM-0047,INV-0018,FUND-ARA-IV,FUND-ARA-IV-MAIN,FUND-ARA-IV-MAIN-B,2,2023-04-17,2023-05-01,163260000.0,25.0,40815000.0,0.0,40815000.0,Paid,2023-05-01,WIRE-000094,HSBC-600700800,73467000.0,55.0
CCN-00095,FUND-ARA-IV-CC1,COMM-0048,INV-0010,FUND-ARA-IV,FUND-ARA-IV-OFF,FUND-ARA-IV-OFF-A,1,2022-07-15,2022-07-29,194600000.0,30.0,58380000.0,0.0,58380000.0,Paid,2022-08-01,WIRE-000095,BOFA-300400500,136220000.0,30.0
CCN-00096,FUND-ARA-IV-CC2,COMM-0048,INV-0010,FUND-ARA-IV,FUND-ARA-IV-OFF,FUND-ARA-IV-OFF-A,2,2023-04-17,2023-05-01,194600000.0,25.0,48650000.0,0.0,48650000.0,Paid,2023-05-02,WIRE-000096,WF-500600700,87570000.0,55.0
CCN-00097,FUND-ACO-V-CC1,COMM-0049,INV-0027,FUND-ACO-V,FUND-ACO-V-DOM,FUND-ACO-V-DOM-A,1,2023-08-08,2023-08-22,168790000.0,30.0,50637000.0,0.0,50637000.0,Paid,2023-08-23,WIRE-000097,CITI-200300400,118153000.0,30.0
CCN-00098,FUND-ACO-V-CC2,COMM-0049,INV-0027,FUND-ACO-V,FUND-ACO-V-DOM,FUND-ACO-V-DOM-A,2,2024-01-23,2024-02-06,168790000.0,25.0,42197500.0,0.0,42197500.0,Paid,2024-02-07,WIRE-000098,WF-500600700,75955500.0,55.0
CCN-00099,FUND-ABF-IX-CC1,COMM-0050,INV-0014,FUND-ABF-IX,FUND-ABF-IX-OFF,FUND-ABF-IX-OFF-A,1,2021-08-08,2021-08-20,197790000.0,30.0,59337000.0,0.0,59337000.0,Paid,2021-08-23,WIRE-000099,WF-500600700,138453000.0,30.0
CCN-00100,FUND-ABF-IX-CC2,COMM-0050,INV-0014,FUND-ABF-IX,FUND-ABF-IX-OFF,FUND-ABF-IX-OFF-A,2,2021-11-28,2021-12-10,197790000.0,25.0,49447500.0,0.0,49447500.0,Paid,2021-12-10,WIRE-000100,JPMC-100200300,89005500.0,55.0
CCN-00101,FUND-AIP-II-CC1,COMM-0051,INV-0025,FUND-AIP-II,FUND-AIP-II-OFF,FUND-AIP-II-OFF-A,1,2021-08-23,2021-09-06,7920000.0,30.0,2376000.0,0.0,2376000.0,Paid,2021-09-07,WIRE-000101,BOFA-300400500,5544000.0,30.0
CCN-00102,FUND-AIP-II-CC2,COMM-0051,INV-0025,FUND-AIP-II,FUND-AIP-II-OFF,FUND-AIP-II-OFF-A,2,2022-05-01,2022-05-13,7920000.0,25.0,1980000.0,0.0,1980000.0,Paid,2022-05-16,WIRE-000102,WF-500600700,3564000.0,55.0
CCN-00103,FUND-AGE-I-CC1,COMM-0052,INV-0027,FUND-AGE-I,FUND-AGE-I-OFF,FUND-AGE-I-OFF-A,1,2019-08-18,2019-08-30,246670000.0,30.0,74001000.0,0.0,74001000.0,Paid,2019-08-30,WIRE-000103,CITI-200300400,172669000.0,30.0
CCN-00104,FUND-AGE-I-CC2,COMM-0052,INV-0027,FUND-AGE-I,FUND-AGE-I-OFF,FUND-AGE-I-OFF-A,2,2020-05-18,2020-06-01,246670000.0,25.0,61667500.0,0.0,61667500.0,Paid,2020-06-04,WIRE-000104,HSBC-600700800,111001500.0,55.0
CCN-00105,FUND-ACO-IV-CC1,COMM-0053,INV-0002,FUND-ACO-IV,FUND-ACO-IV-DOM,FUND-ACO-IV-DOM-A,1,2021-08-17,2021-08-31,171380000.0,30.0,51414000.0,0.0,51414000.0,Paid,2021-09-03,WIRE-000105,WF-500600700,119966000.0,30.0
CCN-00106,FUND-ACO-IV-CC2,COMM-0053,INV-0002,FUND-ACO-IV,FUND-ACO-IV-DOM,FUND-ACO-IV-DOM-A,2,2022-02-19,2022-03-04,171380000.0,25.0,42845000.0,0.0,42845000.0,Paid,2022-03-04,WIRE-000106,WF-500600700,77121000.0,55.0
CCN-00107,FUND-AGE-II-CC1,COMM-0054,INV-0011,FUND-AGE-II,FUND-AGE-II-DOM,FUND-AGE-II-DOM-A,1,2022-08-22,2022-09-05,460170000.0,30.0,138051000.0,0.0,138051000.0,Paid,2022-09-08,WIRE-000107,HSBC-600700800,322119000.0,30.0
CCN-00108,FUND-AGE-II-CC2,COMM-0054,INV-0011,FUND-AGE-II,FUND-AGE-II-DOM,FUND-AGE-II-DOM-A,2,2023-02-10,2023-02-24,460170000.0,25.0,115042500.0,0.0,115042500.0,Pending,,,HSBC-600700800,207076500.0,55.0
CCN-00109,FUND-AGE-II-CC1,COMM-0055,INV-0038,FUND-AGE-II,FUND-AGE-II-OFF,FUND-AGE-II-OFF-A,1,2022-08-22,2022-09-05,46550000.0,30.0,13965000.0,0.0,13965000.0,Paid,2022-09-08,WIRE-000109,GS-400500600,32585000.0,30.0
CCN-00110,FUND-AGE-II-CC2,COMM-0055,INV-0038,FUND-AGE-II,FUND-AGE-II-OFF,FUND-AGE-II-OFF-A,2,2023-02-10,2023-02-24,46550000.0,25.0,11637500.0,0.0,11637500.0,Paid,2023-03-01,WIRE-000110,HSBC-600700800,20947500.0,55.0
CCN-00111,FUND-ABF-X-CC1,COMM-0056,INV-0012,FUND-ABF-X,FUND-ABF-X-OFF,FUND-ABF-X-OFF-A,1,2023-08-26,2023-09-08,133780000.0,30.0,40134000.0,0.0,40134000.0,Paid,2023-09-11,WIRE-000111,JPMC-100200300,93646000.0,30.0
CCN-00112,FUND-ABF-X-CC2,COMM-0056,INV-0012,FUND-ABF-X,FUND-ABF-X-OFF,FUND-ABF-X-OFF-A,2,2024-03-26,2024-04-09,133780000.0,25.0,33445000.0,0.0,33445000.0,Paid,2024-04-11,WIRE-000112,JPMC-100200300,60201000.0,55.0
CCN-00113,FUND-AGE-I-CC1,COMM-0057,INV-0021,FUND-AGE-I,FUND-AGE-I-DOM,FUND-AGE-I-DOM-A,1,2019-08-18,2019-08-30,381810000.0,30.0,114543000.0,0.0,114543000.0,Paid,2019-09-04,WIRE-000113,WF-500600700,267267000.0,30.0
CCN-00114,FUND-AGE-I-CC2,COMM-0057,INV-0021,FUND-AGE-I,FUND-AGE-I-DOM,FUND-AGE-I-DOM-A,2,2020-05-18,2020-06-01,381810000.0,25.0,95452500.0,0.0,95452500.0,Paid,2020-06-01,WIRE-000114,WF-500600700,171814500.0,55.0
CCN-00115,FUND-ABF-X-CC1,COMM-0058,INV-0017,FUND-ABF-X,FUND-ABF-X-MAIN,FUND-ABF-X-MAIN-B,1,2023-08-26,2023-09-08,237800000.0,30.0,71340000.0,0.0,71340000.0,Paid,2023-09-11,WIRE-000115,JPMC-100200300,166460000.0,30.0
CCN-00116,FUND-ABF-X-CC2,COMM-0058,INV-0017,FUND-ABF-X,FUND-ABF-X-MAIN,FUND-ABF-X-MAIN-B,2,2024-03-26,2024-04-09,237800000.0,25.0,59450000.0,0.0,59450000.0,Paid,2024-04-10,WIRE-000116,GS-400500600,107010000.0,55.0
CCN-00117,FUND-ARA-III-CC1,COMM-0059,INV-0015,FUND-ARA-III,FUND-ARA-III-OFF,FUND-ARA-III-OFF-A,1,2020-07-02,2020-07-16,391710000.0,30.0,117513000.0,0.0,117513000.0,Paid,2020-07-16,WIRE-000117,GS-400500600,274197000.0,30.0
CCN-00118,FUND-ARA-III-CC2,COMM-0059,INV-0015,FUND-ARA-III,FUND-ARA-III-OFF,FUND-ARA-III-OFF-A,2,2020-11-06,2020-11-20,391710000.0,25.0,97927500.0,0.0,97927500.0,Paid,2020-11-24,WIRE-000118,BOFA-300400500,176269500.0,55.0
CCN-00119,FUND-AIP-III-CC1,COMM-0060,INV-0016,FUND-AIP-III,FUND-AIP-III-DOM,FUND-AIP-III-DOM-A,1,2023-08-07,2023-08-21,420420000.0,30.0,126126000.0,0.0,126126000.0,Paid,2023-08-24,WIRE-000119,CITI-200300400,294294000.0,30.0
CCN-00120,FUND-AIP-III-CC2,COMM-0060,INV-0016,FUND-AIP-III,FUND-AIP-III-DOM,FUND-AIP-III-DOM-A,2,2023-11-24,2023-12-08,420420000.0,25.0,105105000.0,0.0,105105000.0,Paid,2023-12-08,WIRE-000120,JPMC-100200300,189189000.0,55.0
CCN-00121,FUND-ACO-V-CC1,COMM-0061,INV-0009,FUND-ACO-V,FUND-ACO-V-OFF,FUND-ACO-V-OFF-A,1,2023-08-08,2023-08-22,336380000.0,30.0,100914000.0,0.0,100914000.0,Paid,2023-08-24,WIRE-000121,JPMC-100200300,235466000.0,30.0
CCN-00122,FUND-ACO-V-CC2,COMM-0061,INV-0009,FUND-ACO-V,FUND-ACO-V-OFF,FUND-ACO-V-OFF-A,2,2024-01-23,2024-02-06,336380000.0,25.0,84095000.0,0.0,84095000.0,Paid,2024-02-08,WIRE-000122,CITI-200300400,151371000.0,55.0
CCN-00123,FUND-ARA-III-CC1,COMM-0062,INV-0017,FUND-ARA-III,FUND-ARA-III-MAIN,FUND-ARA-III-MAIN-B,1,2020-07-02,2020-07-16,88060000.0,30.0,26418000.0,0.0,26418000.0,Paid,2020-07-21,WIRE-000123,GS-400500600,61642000.0,30.0
CCN-00124,FUND-ARA-III-CC2,COMM-0062,INV-0017,FUND-ARA-III,FUND-ARA-III-MAIN,FUND-ARA-III-MAIN-B,2,2020-11-06,2020-11-20,88060000.0,25.0,22015000.0,0.0,22015000.0,Paid,2020-11-24,WIRE-000124,HSBC-600700800,39627000.0,55.0
CCN-00125,FUND-ARA-III-CC1,COMM-0063,INV-0020,FUND-ARA-III,FUND-ARA-III-DOM,FUND-ARA-III-DOM-A,1,2020-07-02,2020-07-16,291450000.0,30.0,87435000.0,0.0,87435000.0,Paid,2020-07-17,WIRE-000125,BOFA-300400500,204015000.0,30.0
CCN-00126,FUND-ARA-III-CC2,COMM-0063,INV-0020,FUND-ARA-III,FUND-ARA-III-DOM,FUND-ARA-III-DOM-A,2,2020-11-06,2020-11-20,291450000.0,25.0,72862500.0,0.0,72862500.0,Paid,2020-11-23,WIRE-000126,CITI-200300400,131152500.0,55.0
CCN-00127,FUND-AIP-III-CC1,COMM-0064,INV-0013,FUND-AIP-III,FUND-AIP-III-OFF,FUND-AIP-III-OFF-A,1,2023-08-07,2023-08-21,298090000.0,30.0,89427000.0,0.0,89427000.0,Paid,2023-08-23,WIRE-000127,BOFA-300400500,208663000.0,30.0
CCN-00128,FUND-AIP-III-CC2,COMM-0064,INV-0013,FUND-AIP-III,FUND-AIP-III-OFF,FUND-AIP-III-OFF-A,2,2023-11-24,2023-12-08,298090000.0,25.0,74522500.0,0.0,74522500.0,Paid,2023-12-11,WIRE-000128,JPMC-100200300,134140500.0,55.0
CCN-00129,FUND-ABF-IX-CC1,COMM-0065,INV-0020,FUND-ABF-IX,FUND-ABF-IX-DOM,FUND-ABF-IX-DOM-A,1,2021-08-08,2021-08-20,399130000.0,30.0,119739000.0,0.0,119739000.0,Pending,,,WF-500600700,279391000.0,30.0
CCN-00130,FUND-ABF-IX-CC2,COMM-0065,INV-0020,FUND-ABF-IX,FUND-ABF-IX-DOM,FUND-ABF-IX-DOM-A,2,2021-11-28,2021-12-10,399130000.0,25.0,99782500.0,0.0,99782500.0,Paid,2021-12-10,WIRE-000130,WF-500600700,179608500.0,55.0
CCN-00131,FUND-ABF-IX-CC1,COMM-0066,INV-0035,FUND-ABF-IX,FUND-ABF-IX-MAIN,FUND-ABF-IX-MAIN-B,1,2021-08-08,2021-08-20,332450000.0,30.0,99735000.0,0.0,99735000.0,Paid,2021-08-24,WIRE-000131,HSBC-600700800,232715000.0,30.0
CCN-00132,FUND-ABF-IX-CC2,COMM-0066,INV-0035,FUND-ABF-IX,FUND-ABF-IX-MAIN,FUND-ABF-IX-MAIN-B,2,2021-11-28,2021-12-10,332450000.0,25.0,83112500.0,0.0,83112500.0,Paid,2021-12-14,WIRE-000132,JPMC-100200300,149602500.0,55.0
CCN-00133,FUND-ARA-IV-CC1,COMM-0067,INV-0027,FUND-ARA-IV,FUND-ARA-IV-DOM,FUND-ARA-IV-DOM-A,1,2022-07-15,2022-07-29,57240000.0,30.0,17172000.0,0.0,17172000.0,Paid,2022-08-01,WIRE-000133,BOFA-300400500,40068000.0,30.0
CCN-00134,FUND-ARA-IV-CC2,COMM-0067,INV-0027,FUND-ARA-IV,FUND-ARA-IV-DOM,FUND-ARA-IV-DOM-A,2,2023-04-17,2023-05-01,57240000.0,25.0,14310000.0,0.0,14310000.0,Paid,2023-05-01,WIRE-000134,WF-500600700,25758000.0,55.0
CCN-00135,FUND-ABF-X-CC1,COMM-0068,INV-0010,FUND-ABF-X,FUND-ABF-X-DOM,FUND-ABF-X-DOM-A,1,2023-08-26,2023-09-08,92190000.0,30.0,27657000.0,0.0,27657000.0,Pending,,,HSBC-600700800,64533000.0,30.0
CCN-00136,FUND-ABF-X-CC2,COMM-0068,INV-0010,FUND-ABF-X,FUND-ABF-X-DOM,FUND-ABF-X-DOM-A,2,2024-03-26,2024-04-09,92190000.0,25.0,23047500.0,0.0,23047500.0,Paid,2024-04-10,WIRE-000136,JPMC-100200300,41485500.0,55.0
CCN-00137,FUND-ACO-IV-CC1,COMM-0069,INV-0035,FUND-ACO-IV,FUND-ACO-IV-OFF,FUND-ACO-IV-OFF-A,1,2021-08-17,2021-08-31,235110000.0,30.0,70533000.0,0.0,70533000.0,Paid,2021-09-02,WIRE-000137,GS-400500600,164577000.0,30.0
CCN-00138,FUND-ACO-IV-CC2,COMM-0069,INV-0035,FUND-ACO-IV,FUND-ACO-IV-OFF,FUND-ACO-IV-OFF-A,2,2022-02-19,2022-03-04,235110000.0,25.0,58777500.0,0.0,58777500.0,Paid,2022-03-04,WIRE-000138,BOFA-300400500,105799500.0,55.0
CCN-00139,FUND-AIP-II-CC1,COMM-0070,INV-0016,FUND-AIP-II,FUND-AIP-II-DOM,FUND-AIP-II-DOM-A,1,2021-08-23,2021-09-06,143070000.0,30.0,42921000.0,0.0,42921000.0,Paid,2021-09-06,WIRE-000139,CITI-200300400,100149000.0,30.0
CCN-00140,FUND-AIP-II-CC2,COMM-0070,INV-0016,FUND-AIP-II,FUND-AIP-II-DOM,FUND-AIP-II-DOM-A,2,2022-05-01,2022-05-13,143070000.0,25.0,35767500.0,0.0,35767500.0,Paid,2022-05-18,WIRE-000140,HSBC-600700800,64381500.0,55.0
CCN-00141,FUND-ARA-IV-CC1,COMM-0071,INV-0037,FUND-ARA-IV,FUND-ARA-IV-MAIN,FUND-ARA-IV-MAIN-B,1,2022-07-15,2022-07-29,171520000.0,30.0,51456000.0,0.0,51456000.0,Paid,2022-08-03,WIRE-000141,GS-400500600,120064000.0,30.0
CCN-00142,FUND-ARA-IV-CC2,COMM-0071,INV-0037,FUND-ARA-IV,FUND-ARA-IV-MAIN,FUND-ARA-IV-MAIN-B,2,2023-04-17,2023-05-01,171520000.0,25.0,42880000.0,0.0,42880000.0,Paid,2023-05-01,WIRE-000142,BOFA-300400500,77184000.0,55.0
CCN-00143,FUND-ARA-IV-CC1,COMM-0072,INV-0032,FUND-ARA-IV,FUND-ARA-IV-OFF,FUND-ARA-IV-OFF-A,1,2022-07-15,2022-07-29,180640000.0,30.0,54192000.0,0.0,54192000.0,Paid,2022-08-03,WIRE-000143,JPMC-100200300,126448000.0,30.0
CCN-00144,FUND-ARA-IV-CC2,COMM-0072,INV-0032,FUND-ARA-IV,FUND-ARA-IV-OFF,FUND-ARA-IV-OFF-A,2,2023-04-17,2023-05-01,180640000.0,25.0,45160000.0,0.0,45160000.0,Paid,2023-05-01,WIRE-000144,WF-500600700,81288000.0,55.0
CCN-00145,FUND-ACO-V-CC1,COMM-0073,INV-0039,FUND-ACO-V,FUND-ACO-V-DOM,FUND-ACO-V-DOM-A,1,2023-08-08,2023-08-22,280120000.0,30.0,84036000.0,0.0,84036000.0,Paid,2023-08-23,WIRE-000145,WF-500600700,196084000.0,30.0
CCN-00146,FUND-ACO-V-CC2,COMM-0073,INV-0039,FUND-ACO-V,FUND-ACO-V-DOM,FUND-ACO-V-DOM-A,2,2024-01-23,2024-02-06,280120000.0,25.0,70030000.0,0.0,70030000.0,Late,2024-02-15,WIRE-000146,BOFA-300400500,126054000.0,55.0
CCN-00147,FUND-ABF-IX-CC1,COMM-0074,INV-0016,FUND-ABF-IX,FUND-ABF-IX-OFF,FUND-ABF-IX-OFF-A,1,2021-08-08,2021-08-20,246850000.0,30.0,74055000.0,0.0,74055000.0,Paid,2021-08-20,WIRE-000147,BOFA-300400500,172795000.0,30.0
CCN-00148,FUND-ABF-IX-CC2,COMM-0074,INV-0016,FUND-ABF-IX,FUND-ABF-IX-OFF,FUND-ABF-IX-OFF-A,2,2021-11-28,2021-12-10,246850000.0,25.0,61712500.0,0.0,61712500.0,Paid,2021-12-13,WIRE-000148,GS-400500600,111082500.0,55.0
CCN-00149,FUND-AIP-II-CC1,COMM-0075,INV-0032,FUND-AIP-II,FUND-AIP-II-OFF,FUND-AIP-II-OFF-A,1,2021-08-23,2021-09-06,397500000.0,30.0,119250000.0,0.0,119250000.0,Paid,2021-09-08,WIRE-000149,WF-500600700,278250000.0,30.0
CCN-00150,FUND-AIP-II-CC2,COMM-0075,INV-0032,FUND-AIP-II,FUND-AIP-II-OFF,FUND-AIP-II-OFF-A,2,2022-05-01,2022-05-13,397500000.0,25.0,99375000.0,0.0,99375000.0,Paid,2022-05-13,WIRE-000150,JPMC-100200300,178875000.0,55.0
CCN-00151,FUND-AGE-I-CC1,COMM-0076,INV-0026,FUND-AGE-I,FUND-AGE-I-OFF,FUND-AGE-I-OFF-A,1,2019-08-18,2019-08-30,156570000.0,30.0,46971000.0,0.0,46971000.0,Late,2019-09-13,WIRE-000151,GS-400500600,109599000.0,30.0
CCN-00152,FUND-AGE-I-CC2,COMM-0076,INV-0026,FUND-AGE-I,FUND-AGE-I-OFF,FUND-AGE-I-OFF-A,2,2020-05-18,2020-06-01,156570000.0,25.0,39142500.0,0.0,39142500.0,Paid,2020-06-04,WIRE-000152,WF-500600700,70456500.0,55.0
CCN-00153,FUND-ACO-IV-CC1,COMM-0077,INV-0036,FUND-ACO-IV,FUND-ACO-IV-DOM,FUND-ACO-IV-DOM-A,1,2021-08-17,2021-08-31,215620000.0,30.0,64686000.0,0.0,64686000.0,Paid,2021-09-03,WIRE-000153,GS-400500600,150934000.0,30.0
CCN-00154,FUND-ACO-IV-CC2,COMM-0077,INV-0036,FUND-ACO-IV,FUND-ACO-IV-DOM,FUND-ACO-IV-DOM-A,2,2022-02-19,2022-03-04,215620000.0,25.0,53905000.0,0.0,53905000.0,Pending,,,JPMC-100200300,97029000.0,55.0
CCN-00155,FUND-AGE-II-CC1,COMM-0078,INV-0030,FUND-AGE-II,FUND-AGE-II-DOM,FUND-AGE-II-DOM-A,1,2022-08-22,2022-09-05,156780000.0,30.0,47034000.0,0.0,47034000.0,Paid,2022-09-07,WIRE-000155,WF-500600700,109746000.0,30.0
CCN-00156,FUND-AGE-II-CC2,COMM-0078,INV-0030,FUND-AGE-II,FUND-AGE-II-DOM,FUND-AGE-II-DOM-A,2,2023-02-10,2023-02-24,156780000.0,25.0,39195000.0,0.0,39195000.0,Paid,2023-02-24,WIRE-000156,JPMC-100200300,70551000.0,55.0
CCN-00157,FUND-AGE-II-CC1,COMM-0079,INV-0013,FUND-AGE-II,FUND-AGE-II-OFF,FUND-AGE-II-OFF-A,1,2022-08-22,2022-09-05,64180000.0,30.0,19254000.0,0.0,19254000.0,Paid,2022-09-05,WIRE-000157,WF-500600700,44926000.0,30.0
CCN-00158,FUND-AGE-II-CC2,COMM-0079,INV-0013,FUND-AGE-II,FUND-AGE-II-OFF,FUND-AGE-II-OFF-A,2,2023-02-10,2023-02-24,64180000.0,25.0,16045000.0,0.0,16045000.0,Paid,2023-02-28,WIRE-000158,GS-400500600,28881000.0,55.0
CCN-00159,FUND-ABF-X-CC1,COMM-0080,INV-0014,FUND-ABF-X,FUND-ABF-X-OFF,FUND-ABF-X-OFF-A,1,2023-08-26,2023-09-08,141870000.0,30.0,42561000.0,0.0,42561000.0,Paid,2023-09-08,WIRE-000159,CITI-200300400,99309000.0,30.0
CCN-00160,FUND-ABF-X-CC2,COMM-0080,INV-0014,FUND-ABF-X,FUND-ABF-X-OFF,FUND-ABF-X-OFF-A,2,2024-03-26,2024-04-09,141870000.0,25.0,35467500.0,0.0,35467500.0,Paid,2024-04-11,WIRE-000160,WF-500600700,63841500.0,55.0
CCN-00161,FUND-AGE-I-CC1,COMM-0081,INV-0013,FUND-AGE-I,FUND-AGE-I-DOM,FUND-AGE-I-DOM-A,1,2019-08-18,2019-08-30,117600000.0,30.0,35280000.0,0.0,35280000.0,Paid,2019-09-02,WIRE-000161,HSBC-600700800,82320000.0,30.0
CCN-00162,FUND-AGE-I-CC2,COMM-0081,INV-0013,FUND-AGE-I,FUND-AGE-I-DOM,FUND-AGE-I-DOM-A,2,2020-05-18,2020-06-01,117600000.0,25.0,29400000.0,0.0,29400000.0,Paid,2020-06-02,WIRE-000162,JPMC-100200300,52920000.0,55.0
CCN-00163,FUND-ABF-X-CC1,COMM-0082,INV-0035,FUND-ABF-X,FUND-ABF-X-MAIN,FUND-ABF-X-MAIN-B,1,2023-08-26,2023-09-08,140780000.0,30.0,42234000.0,0.0,42234000.0,Paid,2023-09-08,WIRE-000163,CITI-200300400,98546000.0,30.0
CCN-00164,FUND-ABF-X-CC2,COMM-0082,INV-0035,FUND-ABF-X,FUND-ABF-X-MAIN,FUND-ABF-X-MAIN-B,2,2024-03-26,2024-04-09,140780000.0,25.0,35195000.0,0.0,35195000.0,Pending,,,CITI-200300400,63351000.0,55.0
CCN-00165,FUND-ARA-III-CC1,COMM-0083,INV-0009,FUND-ARA-III,FUND-ARA-III-OFF,FUND-ARA-III-OFF-A,1,2020-07-02,2020-07-16,55780000.0,30.0,16734000.0,0.0,16734000.0,Paid,2020-07-21,WIRE-000165,GS-400500600,39046000.0,30.0
CCN-00166,FUND-ARA-III-CC2,COMM-0083,INV-0009,FUND-ARA-III,FUND-ARA-III-OFF,FUND-ARA-III-OFF-A,2,2020-11-06,2020-11-20,55780000.0,25.0,13945000.0,0.0,13945000.0,Late,2020-12-10,WIRE-000166,HSBC-600700800,25101000.0,55.0
CCN-00167,FUND-AIP-III-CC1,COMM-0084,INV-0031,FUND-AIP-III,FUND-AIP-III-DOM,FUND-AIP-III-DOM-A,1,2023-08-07,2023-08-21,173650000.0,30.0,52095000.0,0.0,52095000.0,Paid,2023-08-23,WIRE-000167,WF-500600700,121555000.0,30.0
CCN-00168,FUND-AIP-III-CC2,COMM-0084,INV-0031,FUND-AIP-III,FUND-AIP-III-DOM,FUND-AIP-III-DOM-A,2,2023-11-24,2023-12-08,173650000.0,25.0,43412500.0,0.0,43412500.0,Paid,2023-12-13,WIRE-000168,CITI-200300400,78142500.0,55.0
CCN-00169,FUND-ACO-V-CC1,COMM-0085,INV-0008,FUND-ACO-V,FUND-ACO-V-OFF,FUND-ACO-V-OFF-A,1,2023-08-08,2023-08-22,203350000.0,30.0,61005000.0,0.0,61005000.0,Paid,2023-08-22,WIRE-000169,BOFA-300400500,142345000.0,30.0
CCN-00170,FUND-ACO-V-CC2,COMM-0085,INV-0008,FUND-ACO-V,FUND-ACO-V-OFF,FUND-ACO-V-OFF-A,2,2024-01-23,2024-02-06,203350000.0,25.0,50837500.0,0.0,50837500.0,Paid,2024-02-08,WIRE-000170,BOFA-300400500,91507500.0,55.0
CCN-00171,FUND-ARA-III-CC1,COMM-0086,INV-0010,FUND-ARA-III,FUND-ARA-III-MAIN,FUND-ARA-III-MAIN-B,1,2020-07-02,2020-07-16,47160000.0,30.0,14148000.0,0.0,14148000.0,Paid,2020-07-20,WIRE-000171,JPMC-100200300,33012000.0,30.0
CCN-00172,FUND-ARA-III-CC2,COMM-0086,INV-0010,FUND-ARA-III,FUND-ARA-III-MAIN,FUND-ARA-III-MAIN-B,2,2020-11-06,2020-11-20,47160000.0,25.0,11790000.0,0.0,11790000.0,Paid,2020-11-20,WIRE-000172,JPMC-100200300,21222000.0,55.0
CCN-00173,FUND-ARA-III-CC1,COMM-0087,INV-0027,FUND-ARA-III,FUND-ARA-III-DOM,FUND-ARA-III-DOM-A,1,2020-07-02,2020-07-16,388970000.0,30.0,116691000.0,0.0,116691000.0,Paid,2020-07-16,WIRE-000173,WF-500600700,272279000.0,30.0
CCN-00174,FUND-ARA-III-CC2,COMM-0087,INV-0027,FUND-ARA-III,FUND-ARA-III-DOM,FUND-ARA-III-DOM-A,2,2020-11-06,2020-11-20,388970000.0,25.0,97242500.0,0.0,97242500.0,Late,2020-12-10,WIRE-000174,GS-400500600,175036500.0,55.0
CCN-00175,FUND-AIP-III-CC1,COMM-0088,INV-0020,FUND-AIP-III,FUND-AIP-III-OFF,FUND-AIP-III-OFF-A,1,2023-08-07,2023-08-21,156160000.0,30.0,46848000.0,0.0,46848000.0,Paid,2023-08-22,WIRE-000175,BOFA-300400500,109312000.0,30.0
CCN-00176,FUND-AIP-III-CC2,COMM-0088,INV-0020,FUND-AIP-III,FUND-AIP-III-OFF,FUND-AIP-III-OFF-A,2,2023-11-24,2023-12-08,156160000.0,25.0,39040000.0,0.0,39040000.0,Paid,2023-12-12,WIRE-000176,JPMC-100200300,70272000.0,55.0
CCN-00177,FUND-ABF-IX-CC1,COMM-0089,INV-0007,FUND-ABF-IX,FUND-ABF-IX-DOM,FUND-ABF-IX-DOM-A,1,2021-08-08,2021-08-20,314630000.0,30.0,94389000.0,0.0,94389000.0,Paid,2021-08-23,WIRE-000177,JPMC-100200300,220241000.0,30.0
CCN-00178,FUND-ABF-IX-CC2,COMM-0089,INV-0007,FUND-ABF-IX,FUND-ABF-IX-DOM,FUND-ABF-IX-DOM-A,2,2021-11-28,2021-12-10,314630000.0,25.0,78657500.0,0.0,78657500.0,Paid,2021-12-15,WIRE-000178,JPMC-100200300,141583500.0,55.0
CCN-00179,FUND-ABF-IX-CC1,COMM-0090,INV-0016,FUND-ABF-IX,FUND-ABF-IX-MAIN,FUND-ABF-IX-MAIN-B,1,2021-08-08,2021-08-20,278240000.0,30.0,83472000.0,0.0,83472000.0,Paid,2021-08-23,WIRE-000179,WF-500600700,194768000.0,30.0
CCN-00180,FUND-ABF-IX-CC2,COMM-0090,INV-0016,FUND-ABF-IX,FUND-ABF-IX-MAIN,FUND-ABF-IX-MAIN-B,2,2021-11-28,2021-12-10,278240000.0,25.0,69560000.0,0.0,69560000.0,Paid,2021-12-14,WIRE-000180,BOFA-300400500,125208000.0,55.0
CCN-00181,FUND-ARA-IV-CC1,COMM-0091,INV-0029,FUND-ARA-IV,FUND-ARA-IV-DOM,FUND-ARA-IV-DOM-A,1,2022-07-15,2022-07-29,149170000.0,30.0,44751000.0,0.0,44751000.0,Paid,2022-07-29,WIRE-000181,BOFA-300400500,104419000.0,30.0
CCN-00182,FUND-ARA-IV-CC2,COMM-0091,INV-0029,FUND-ARA-IV,FUND-ARA-IV-DOM,FUND-ARA-IV-DOM-A,2,2023-04-17,2023-05-01,149170000.0,25.0,37292500.0,0.0,37292500.0,Paid,2023-05-01,WIRE-000182,HSBC-600700800,67126500.0,55.0
CCN-00183,FUND-ABF-X-CC1,COMM-0092,INV-0019,FUND-ABF-X,FUND-ABF-X-DOM,FUND-ABF-X-DOM-A,1,2023-08-26,2023-09-08,40230000.0,30.0,12069000.0,0.0,12069000.0,Paid,2023-09-12,WIRE-000183,WF-500600700,28161000.0,30.0
CCN-00184,FUND-ABF-X-CC2,COMM-0092,INV-0019,FUND-ABF-X,FUND-ABF-X-DOM,FUND-ABF-X-DOM-A,2,2024-03-26,2024-04-09,40230000.0,25.0,10057500.0,0.0,10057500.0,Paid,2024-04-10,WIRE-000184,BOFA-300400500,18103500.0,55.0
CCN-00185,FUND-ACO-IV-CC1,COMM-0093,INV-0038,FUND-ACO-IV,FUND-ACO-IV-OFF,FUND-ACO-IV-OFF-A,1,2021-08-17,2021-08-31,215440000.0,30.0,64632000.0,0.0,64632000.0,Paid,2021-09-02,WIRE-000185,WF-500600700,150808000.0,30.0
CCN-00186,FUND-ACO-IV-CC2,COMM-0093,INV-0038,FUND-ACO-IV,FUND-ACO-IV-OFF,FUND-ACO-IV-OFF-A,2,2022-02-19,2022-03-04,215440000.0,25.0,53860000.0,0.0,53860000.0,Pending,,,BOFA-300400500,96948000.0,55.0
CCN-00187,FUND-AIP-II-CC1,COMM-0094,INV-0010,FUND-AIP-II,FUND-AIP-II-DOM,FUND-AIP-II-DOM-A,1,2021-08-23,2021-09-06,414180000.0,30.0,124254000.0,0.0,124254000.0,Paid,2021-09-06,WIRE-000187,GS-400500600,289926000.0,30.0
CCN-00188,FUND-AIP-II-CC2,COMM-0094,INV-0010,FUND-AIP-II,FUND-AIP-II-DOM,FUND-AIP-II-DOM-A,2,2022-05-01,2022-05-13,414180000.0,25.0,103545000.0,0.0,103545000.0,Paid,2022-05-17,WIRE-000188,BOFA-300400500,186381000.0,55.0
CCN-00189,FUND-ARA-IV-CC1,COMM-0095,INV-0020,FUND-ARA-IV,FUND-ARA-IV-MAIN,FUND-ARA-IV-MAIN-B,1,2022-07-15,2022-07-29,222380000.0,30.0,66714000.0,0.0,66714000.0,Paid,2022-07-29,WIRE-000189,HSBC-600700800,155666000.0,30.0
CCN-00190,FUND-ARA-IV-CC2,COMM-0095,INV-0020,FUND-ARA-IV,FUND-ARA-IV-MAIN,FUND-ARA-IV-MAIN-B,2,2023-04-17,2023-05-01,222380000.0,25.0,55595000.0,0.0,55595000.0,Paid,2023-05-03,WIRE-000190,HSBC-600700800,100071000.0,55.0
CCN-00191,FUND-ARA-IV-CC1,COMM-0096,INV-0026,FUND-ARA-IV,FUND-ARA-IV-OFF,FUND-ARA-IV-OFF-A,1,2022-07-15,2022-07-29,252730000.0,30.0,75819000.0,0.0,75819000.0,Paid,2022-08-01,WIRE-000191,BOFA-300400500,176911000.0,30.0
CCN-00192,FUND-ARA-IV-CC2,COMM-0096,INV-0026,FUND-ARA-IV,FUND-ARA-IV-OFF,FUND-ARA-IV-OFF-A,2,2023-04-17,2023-05-01,252730000.0,25.0,63182500.0,0.0,63182500.0,Late,2023-05-17,WIRE-000192,BOFA-300400500,113728500.0,55.0
